,Los Angeles,San Francisco,San Diego,Las Vegas,Phoenix,Seattle,Denver,Miami,New York,Chicago,Boston,Washington DC
1987-01-01,,,,,,,,,,,,
1987-02-01,0.007886022038930296,0.007387423173049301,0.007683435553839102,0.01739310964971863,,,-0.003725049146174886,0.005415396495743741,0.018281673245605257,0.01883161190842797,0.005318357438013788,0.011211196183283478
1987-03-01,0.008451681940988998,0.01136379987055225,0.004938588159811408,0.00408341320135186,,,0.004445925817538887,0.006804107660070446,0.015693456708928633,-0.007536856456468732,0.00574874901662259,0.013288672203467078
1987-04-01,0.015285498263775787,0.0030067753461631153,0.010127903960897022,0.0049510956911695825,,,0.007168018113603791,0.0010867707825334971,0.013522671051991342,-0.00016578255073251835,0.005134616373427159,0.009710641569200762
1987-05-01,0.011522030657086235,0.006689876659248251,0.007356322104329793,-0.003798034683774265,,,0.0003726571320872285,0.004071512651622644,0.017805014465165803,0.012326547168874491,0.006597521265264472,0.012094937516268223
1987-06-01,0.012020604214977748,0.006225469958119012,0.005764165905954632,-0.016601575079012942,,,-0.00652442582838797,-0.003907320360305833,0.014615201312466297,0.010496163043953288,0.0057485456539572155,0.015897430221806008
1987-07-01,0.01082483336355633,0.009850245201799224,0.005078590277191708,-0.015515909564673636,,,-0.0045286830303794545,0.00241682900937068,0.010579756280728159,0.01872287179993415,0.0044958625353315185,0.01270112302292703
1987-08-01,0.010629602403871452,0.00933136969549686,0.005331336072053938,-0.011115140152377245,,,-0.0016477054314617545,0.0023413161110665826,0.006426226061798435,0.008804910647681297,0.007462740550014724,0.012499250626474945
1987-09-01,0.011897659875360622,0.014102931977000077,0.008070435975970014,0.003766833158663996,,,-0.001255762234955382,0.010931053231142851,0.0019936496825245786,0.011423943054740038,0.008008114746853146,0.01624495951124527
1987-10-01,0.013529482430145734,0.014956033135702151,0.007820353062336416,0.003596591742476285,,,0.0017539048879642305,0.006411858215686683,0.009375975562164296,0.012630963337642909,0.0034954853175825917,0.012919127077161363
1987-11-01,0.014306319450607674,0.012716180933505683,0.010388209295527862,0.015547235569504547,,,-0.008225531219196336,0.005698505435465906,0.006264402968152005,0.01196666509965949,0.0055598750903389504,0.01162274106888983
1987-12-01,0.0159662219528538,0.011385886019730673,0.008542821885098917,-0.0005756058042040157,,,0.002440099188346645,0.00046899436527580995,0.009847547269558943,0.022824363534454273,0.0021706289952307944,0.005835595328991472
1988-01-01,0.014742492623932346,0.009070144537015379,0.010335260210035058,0.003079414044281137,,,-0.006102067461406291,0.003085830904582254,-0.00212561662763322,0.01468756253327852,0.001094592733787092,0.011093908108035233
1988-02-01,0.013581007291844749,0.009430249711085859,0.007862054064017965,-0.004038093087813777,,,-0.0011298595518306476,0.0020790302205353495,0.002009544240337391,0.023785547649662675,-0.0009628334257181237,0.011909222335058534
1988-03-01,0.014175759101439978,0.012525839787865367,0.013129454850452804,0.005029642754190711,,,-0.008757589736881899,0.007206069901309009,-0.00017106949468537191,0.016740420334642625,-0.0014950060348863925,0.014700382736738016
1988-04-01,0.011104853521300972,0.012398078219701958,0.0026070508195539244,0.010085654476762906,,,-0.006552770659939533,0.005158685303075838,0.0025284374010965394,0.009964988812623421,0.0006567533759040955,0.011874225560947194
1988-05-01,0.013888431902679521,0.02811692206244154,0.006525311356553987,0.0022035523219792186,,,-0.007998141907517464,0.005277704148545226,0.0008514344115235772,0.006454996071646457,0.003833464078921711,0.013945022944418017
1988-06-01,0.02633785325865845,0.03236180735484839,-0.006497620433696616,-0.0008254465229363683,,,-0.0036604698656929058,0.008336740191030811,-0.0019307535411188237,0.013603711644954108,0.0025545181481232415,0.01226001777317376
1988-07-01,0.03408089912092449,0.005055266604237163,0.051181532296797005,0.0018380230196166636,,,0.0010747404673847605,0.005369806909349517,-0.001125927668561011,0.0013193501720842882,0.00037784387934358676,0.018078011462616228
1988-08-01,0.02271066027762303,0.005542960555192433,0.01087203800863934,0.004364224231957037,,,0.0004830821808969876,0.007752187522717113,0.0010655761085445192,0.018028135461322536,-0.002542255535173954,0.014282093818837716
1988-09-01,0.02465351393442705,0.0075224441129191355,0.01208447864956197,0.007585269910369563,,,-0.0007230948691707706,0.007587642966016661,-0.0002050227932327564,0.0040341333880629104,-0.0017470561974123333,0.014999728140813628
1988-10-01,0.022000942825631364,0.017194563871444135,0.01659267584905577,-2.0006895134039304e-05,,,-0.003736390611587481,0.004612628195971302,-0.001146966420631057,0.01484958231084077,-0.0014727569139496577,0.00621209445906401
1988-11-01,0.02466452443596956,0.019270409835803637,0.018635676309512794,-0.004715119175141336,,,-0.005915625840628769,0.004803864332188823,0.0001384708240641519,-0.005632165986637849,0.0005131498410486657,0.011453907050797074
1988-12-01,0.016648737704431982,0.022260284123836405,0.020515242616647278,-0.004556036545674158,,,-0.006561832466634665,0.0034199632205205166,-0.00137156300156005,-0.0019614070763444014,0.0007587483335473877,0.015311901752557366
1989-01-01,0.019285683396201847,0.013170014562480015,0.01920751454499725,0.014080869282910635,,,0.0007167042000217894,0.004775420110509687,0.0012727711750688542,-0.0026505126259506184,-0.0023485292933350665,0.010944343821935432
1989-02-01,0.014859193426022266,0.012154669568786414,0.022343096028895282,0.012515151549182368,0.0007868035897233838,,-0.0003623198444506759,0.005366896765740092,-0.002561835026284487,0.00993536644801063,0.008688436451344872,0.01074387481000505
1989-03-01,0.02674731447448009,0.02347823136470306,0.02363756629323066,0.012002854272029628,0.004480283071398361,,0.001624117193149699,0.0023584222590000703,-0.0008464462657772343,0.015442926917841993,0.005155492660003702,0.009301597217239443
1989-04-01,0.020459377627839226,0.017309234046428923,0.0177541210772989,-0.00684377561658589,0.0006040592911256137,,-0.0013468562904810355,0.0048342356127475394,-0.003726970458998835,0.008272217066480625,-0.002126960307024861,0.007969733134619794
1989-05-01,0.016740412865180243,0.015094609694743966,0.01642484627022034,-0.0029873105624224072,0.0015235884152704493,,0.002767990156685274,0.00024035394786436903,-0.004609179350135939,-0.0021052155799535788,-0.00465670860110956,0.005058921148450857
1989-06-01,0.009983234541599773,0.015967959299131085,0.014098568228832598,0.02530513447102445,-0.005474674841373761,,0.00018035174384345432,0.0031074418027081663,-0.006559294262514781,0.0002319363719973655,-0.007023369871083318,0.00474604219231245
1989-07-01,0.007732717713296422,0.011731067007197948,0.011436180816155606,0.00304165256038047,-0.0052507366002554345,,-0.002146989170790259,0.0030082686159154104,-0.009346965905503102,-0.0027414200031028457,-0.0044919339185134355,0.0055931328881095865
1989-08-01,0.004263244506096608,0.016158012148171252,0.013475305398127801,0.00861400505757115,-0.005833288503568568,,-0.0004406571877419996,0.002787103589536377,-0.002861559570402572,0.0006464409303126306,-0.010058018887513565,0.007247743742611501
1989-09-01,0.005558726563856142,0.012386241162534839,0.01257261535235421,0.0055201947707967935,-0.0018665728090766498,,0.002493793159887847,-0.00012267333241222644,-0.004869307070717865,-0.002763069166192067,-0.0057838391860721705,0.00615249807993834
1989-10-01,0.006995922016457712,0.011648717439505463,0.011809575967876462,0.009232231910783595,-0.0039281452142689854,,0.006218697172000187,0.0016345454670807502,0.0030781672510082903,-0.001682266882291561,-0.004020438989697617,0.0028606859014359554
1989-11-01,0.011409424963175763,0.008141292182677562,0.007910373247277391,0.010918338756643386,-0.0009986745793085783,,0.0044482817250881546,-0.0006923603936895839,-0.0029077025837109804,-0.002730445964724715,0.0037714630108403036,0.002084917146430998
1989-12-01,0.007816182515122394,0.005200130763263644,0.010443415358463604,0.008050371335986295,0.00011080634220261842,,0.0021541948228875896,0.005092173916869003,-0.0025321620320861715,-0.002733368764069266,0.00013334229597861125,0.004960755034780551
1990-01-01,0.007025704561503643,0.00337337887827438,0.0060473047307993966,0.009311498768296955,0.0011822334198710038,,0.0005453775182882037,0.00563115843627604,-0.0037967656763618907,-0.004638824800702213,0.0013140110646501224,0.005623631022637188
1990-02-01,0.002890172941595992,0.0024455687279467675,0.007839752814682965,0.0010333849793240368,0.001878039523193431,0.03526532961987616,0.002576895601090534,0.006353943505746029,-0.0006434529037808723,-0.009448848166714985,-0.0030574071307509776,0.0032311747116486877
1990-03-01,0.002295182485876346,0.010462984088727811,0.004595890465714847,0.012714667743431773,-0.0009706653505775487,0.0326613387257062,0.002729293794839993,-0.00168719081749924,-0.0021627619069256587,0.002962466191900104,-0.009341606768952015,-0.000634056627769497
1990-04-01,-2.4042975873106442e-05,0.006305860599704172,0.004916959129734666,0.008707230762727836,0.0021030814831877187,0.03977851077877337,0.0005110174851625793,-0.0011428469253815798,-0.007358761639827183,0.008296231072250526,-0.007560975157770433,-0.0002094320815152484
1990-05-01,-0.00589983115445214,-0.0006034785879722726,0.0022505940790671364,0.007600602698909054,-0.002794841669128245,0.016747630186463525,-0.001056703132536363,0.0029929772983667835,-0.008221880152862515,0.0074798328136482795,-0.013305557035307447,-0.005058186835603329
1990-06-01,-0.0028242283670947277,-0.005754914648727905,0.0001270900888983295,0.01126508584121666,0.0001165574271466685,0.013072863154005576,0.0022801135597498856,0.002204352686183464,-0.0077978024088560804,0.0036497454508537253,-0.009949860776268915,-0.005137789298506834
1990-07-01,-0.00604805264948971,-0.007238253700792785,-0.0018041583434897923,0.011630889195185512,-0.0030927376563451014,0.002291312071181162,0.001545483946332915,0.0022050810041573943,-0.008077187060186786,0.00585554273329203,-0.009072039264758636,-0.004388086344341402
1990-08-01,-0.004616690929861611,-0.003997323291581645,-0.003025209265375306,0.011679836209401273,-0.002072244773573373,0.004071951249642769,0.00037703824228185745,-0.002060042981392174,-0.009521383296980823,-0.0011654914816454642,-0.006491405070361722,-0.004180782159360352
1990-09-01,-0.00626720941945158,-0.003662125836680463,-0.0013239702515863705,0.005313097252627186,-0.004771190679306314,-0.005036498318116256,0.0017192322129018223,-0.0024288212894261196,-0.01127759799781447,0.005165909670829638,-0.004364154434949974,-0.004464069651687774
1990-10-01,-0.004307763448689994,-0.00783566119907475,-0.003491870529673702,0.006727101775973132,-0.0020146496271790104,-0.0038017988587273344,-0.0018751356376984774,-0.0029635574788480223,-0.004738589710726493,-0.0031985154338691757,-0.007577017510511652,-0.0019134957752500181
1990-11-01,-0.009056744955373897,-0.007294167161053355,-0.0031872225735471993,-0.002114649360917986,-0.006480929507781896,-0.004801919333378701,0.0018036219328965153,0.0013753730854271229,-0.005640524096617194,0.0034778751662456475,-0.0141176095480684,-0.0027479890473297575
1990-12-01,-0.005825349683786896,-0.007049738473987488,-0.0073428293666356614,0.003997488520580239,0.0010432687777659488,-0.0023609686389951534,-0.0004013877187493131,-0.002461440907410295,-0.003499130679332607,-0.002989782332520896,-0.013876700336107217,-0.0007586944211251945
1991-01-01,-0.01014141847579808,0.0009867225707991256,-0.00656179066598539,-0.007436093654969667,-0.002600004872048922,-0.007741011924762953,0.0042225680114962305,-0.004133524056874727,-0.011543782903113753,0.0012416892244171418,-0.01331351292843419,-0.01352664361604694
1991-02-01,-0.009049080962709621,-0.011247639596984604,-0.010982174015229607,0.011863668847579945,0.0030800030179103377,-0.009773071304743475,0.0008466102913193829,-0.0038192102004498407,-0.008480804730755964,0.0036580780882997654,-0.008566488043944998,-0.004930068750281458
1991-03-01,-0.009836912125586239,-0.007285369303146272,-0.011707950657775856,0.001194661406098918,-0.010541808821802112,-0.007282377005619622,0.001603676472508253,7.647179968706119e-05,-0.007156192693348773,-0.002160520619804318,-0.004634525888219554,-0.01180192903160171
1991-04-01,-0.0003292875633285064,-0.009898852680958248,-0.004781731162665448,0.0010283281093097507,-0.0024671429311191595,0.004914025125557053,0.0050045831666150065,0.00017545050068679124,-0.007131576323205602,0.004102093337400525,-0.006482368061903276,-0.003280016989964718
1991-05-01,0.001787029567584586,0.001448890395723268,0.004027273814553256,0.0013404064565276652,-0.0018482432640988256,0.004579607506784988,0.004987415307284637,-0.006397071937358945,0.0004541517937997064,0.0022449048105142033,0.0008212582842677119,0.00829704713940771
1991-06-01,0.001635252889407246,0.0038676849626551046,0.0043198140484543845,-0.0010154891414229095,0.00643233471834459,0.004849529504548533,0.00693439137958296,0.0036195083445429432,0.00506637483089678,-0.0010736167864128232,-0.0003571404173114967,0.0032189575948786686
1991-07-01,0.0023575232457986317,0.005353760231088689,0.0026639140339590472,0.013094784806777282,0.006029779266680135,0.002703202625174761,0.008720226530323671,0.0014257595060751527,0.006166512997860307,0.003704826583298626,-0.0007900903717645846,0.000651110866924931
1991-08-01,-0.000278578796639839,0.0024079763834787826,-0.0020472167064813362,0.003566408721195069,0.003703890657861253,0.0013971996147343901,0.0035723233259112863,0.009565865780001515,0.004492899966437536,0.002912163450887295,0.0013135309265459583,-0.004293764529664457
1991-09-01,-0.001762076407435642,-7.504100588251461e-05,-0.0033595320124193417,0.014594616980689423,0.002728554169070474,0.000994364859950636,0.0028690632744945432,-0.004011047690602343,0.0019393234621638555,0.0024331401500414795,0.0006235980237074834,-0.0014060699241079666
1991-10-01,-0.002307848598842366,-0.0015540787189293193,6.804668673865422e-06,-0.022073170463425273,-0.00030168668878471916,-0.003638688192450057,0.003425220702600873,0.00041419584593227476,0.0023724731338818916,0.002983451829446482,-0.0004619940304825265,-0.0007115319825925503
1991-11-01,-0.004312552060072972,-0.0025171115380929754,-0.002559230123512668,-0.016910457723939953,0.0054318889938893555,0.00017511207245402005,0.004241625316359743,-0.0003774474590358956,0.0007202760233842032,0.002646717855727454,-0.0037981366336147238,0.002797163097312927
1991-12-01,-0.0035705663145954025,-0.0011921887382161378,-0.0014457249503893044,0.015237741490374823,-0.0004946033894853707,-0.0014132898201500987,0.005507547272694202,-0.0011107715106822846,0.002022072588798496,0.00886565096798786,-0.0008835234154388472,-0.0022680849441831796
1992-01-01,-0.003753122693521904,-0.0007819331658598383,-0.005799832818458639,0.0025936116737868,-9.271199963745147e-05,0.0035954839491407764,0.0038577142017464094,0.0005490344000889102,-0.00014536913721230338,0.00563279325800603,-0.0038760774980323154,0.0011610356510509678
1992-02-01,-0.0023245542977250455,-0.0007905155740027814,-0.0036397001174325316,0.005508238920823416,0.0004824538693390945,0.002433054516348898,0.014765346855794004,-0.004639260262449207,0.0007817663479674497,0.003994697224983801,1.4288078345803257e-05,-0.003968540715743596
1992-03-01,-0.007127184671227971,-0.0020587673838471376,0.0015271070370661555,-0.004570676777172822,0.0006070200401020465,0.0049584683760497406,0.014982878556787815,0.0034903200851674754,0.0018699813225295792,0.0023523010653767606,0.003952428331247759,0.004761325695517682
1992-04-01,-0.0051244298029441415,-0.007251229422651884,-9.960939848663308e-05,-0.0013287853912401504,-0.0003022872496786233,0.0064207537326572695,0.009595375790535376,0.002963096935717058,0.0028293658602724925,-0.009012733857756583,0.009235182829203215,0.0022401622947727517
1992-05-01,-0.006257412989955746,0.0006211547759109592,-0.002879289330232626,0.002460293865644392,0.0008275623328550807,0.0008240229192295612,0.004160656972631571,0.0062153316926896185,-0.00021252048963615877,0.00264779955299832,-0.0007717791459823653,0.0015768560959910083
1992-06-01,-0.007724759378278656,-0.0034437750169132864,-0.006677716879055828,-0.0009603769038113441,-0.00019009292052341031,0.00031036122485716966,0.002766761749941171,0.0016152510716129775,-0.0012622881447886813,0.009695455595952529,-0.0031663622227693367,-0.001258855693911709
1992-07-01,-0.007521606923729385,-0.0031170456043696504,-0.004299816717919458,-0.004389593268269931,-0.0005325420529886937,3.1603183321626815e-05,0.0035168994699976697,-0.021667664837986544,-0.0012358593333833268,0.010372876249924667,-0.0032276101513682987,-0.004147555173400597
1992-08-01,-0.006257757490817806,-0.004471329294764681,-0.003811036455843575,-0.004436552466108523,0.0010935714697086762,-0.003084098718581285,0.00472456209230665,-0.003067718432229305,0.0018960090728639134,0.0010356060100109588,0.0004128058006329649,-0.0002058219142915263
1992-09-01,-0.0068480525498412215,-0.0022777037944555767,-0.0029171416024423857,0.000890699982213139,0.0010916527719699864,-0.003200488833263737,0.005932593906335937,-0.004639547619114781,-0.0002690502346912593,0.0034273678428191623,-0.0009694086971661076,-0.0008639220129841307
1992-10-01,-0.010888972588352197,0.0003242058133314796,-0.011148779216932914,0.005898253060501402,0.0029031115006954433,0.007957362059578088,0.0018393131457259404,0.024223200636495967,-0.000439550147537604,0.004127360379591938,0.0019622789522784068,0.0020955316164008586
1992-11-01,-0.008178923882835476,-0.0011982343591885325,-0.0029558820458485124,0.00419574633196973,0.0009401051253385972,0.0023956286038742114,0.007771361122463238,0.002086522303873295,0.0018687742404246421,0.0048346785487871635,5.0240604267504096e-05,0.0009052227367751797
1992-12-01,-0.00954942683061677,-0.002347445610077492,-0.005656229059520568,-0.004973408093583598,0.002778969599187109,0.0038324451280444816,0.006464078599518919,0.004349537568599793,0.0027669932368690198,-0.0008183747094875349,0.006792713808694506,0.0015917917339365317
1993-01-01,-0.006633965584375567,-0.0019388947009161273,0.002184926808088905,-0.003960016903939767,0.002887779018419856,0.005278855570945762,0.009484565791053168,6.251764139841853e-05,0.004506242034438834,0.002153684852012283,0.006099830638190751,0.002846051501525837
1993-02-01,-0.006869395486176488,-0.0023500488138418207,-0.0085195730268105,0.005379096264875427,0.002234492504640917,0.00641230024446493,0.005445661535235846,0.0023978204919552493,0.001932816710592311,-4.386328791250449e-05,0.0013616613963391977,0.0024078600246228987
1993-03-01,-0.01233854488851116,-0.003288837441434378,-0.004814247031990626,0.002316095520236816,0.005148773968598475,0.002058012731656511,0.009234070212388978,-0.0002872681905734531,0.0013219870649079368,0.0027209213061361037,-0.00194415657172331,0.0017805527561127743
1993-04-01,-0.00985520349994129,-0.0010910785373141607,-0.009262088611567743,-0.004834011005487082,0.0023671777171556663,-0.007245667254483945,0.003397319431085455,0.0038836213844843925,0.0010644597246232124,0.0014320929363196289,-0.0017748999854984016,-0.005559282514279396
1993-05-01,-0.009048716622072517,-0.0033735298489987464,-0.004802599358717852,-0.010116363695821473,0.004812079583043527,-0.006209611057656161,0.0073109136252207385,0.0078113305604177175,0.0009798880627227557,0.004820277631942371,0.0019523254616735652,-0.005165700171280929
1993-06-01,-0.0074926431839130725,-0.004259139343072094,-0.006553256239247296,-0.000508166695146639,0.0020340878479141455,-0.004236202075462159,0.010680097778223763,0.004827205898030096,0.0024568536630698024,0.007832964520801289,0.0047850392798554076,0.0018954121137528812
1993-07-01,-0.010578460591766592,-0.008032169965435654,-0.007523399841232847,0.0008961180716247075,0.00450047196153891,-0.00044866575997171143,0.010827470107642734,0.005517458949894749,-0.0001735893039209735,0.0033065203768929408,0.00572930113551906,0.001896929085217769
1993-08-01,-0.013455708627487906,0.0002952357325398669,-0.004084750442719609,0.0049387798664248805,0.002207806325770889,0.006854649713666561,0.012312497965295544,0.0028067155476563244,-0.0005424489350369655,0.0010169801204389373,0.003267127072899667,0.0012000105368636937
1993-09-01,-0.005503764345646589,-0.0017840123805058505,0.001188980857395494,0.005811577705207682,0.007938480734084319,0.010495370349103528,0.010200737812237293,0.0039903192374548535,0.0007596860640994851,0.0023788584666115664,0.0017608015947148115,-0.0014578980968275035
1993-10-01,-0.008385660140130424,-0.0008918162694360188,-0.00014828510787778804,0.0032037309303656336,0.004350065413761595,0.006223220652944672,0.011656950059765414,0.0031525850825728785,0.0022054962650142063,0.0038547237640726983,0.0005518690068471166,-0.001939545057593417
1993-11-01,-0.0019377803785677328,-0.000713674016121324,0.0006173655371937148,0.0071917338462030855,0.0073046016639266576,0.007337729569263596,0.009653498338046296,-0.001654318859553694,0.003091963865142988,0.004017924757507174,0.005148530448708888,-0.0012991057188131983
1993-12-01,-0.008415007164530586,-0.0013996670580121995,-0.0026826491977401945,0.0006719650958431078,0.004733364826233322,0.0035035533232956606,0.013246704853999924,0.002870450162986815,0.0008542485104203745,0.008675783232704903,0.0044302727851028845,0.0037102197374694335
1994-01-01,-0.002283830895388639,5.74936008572724e-05,0.0022145873328469623,0.0021037973084858663,0.006731549760355726,0.009499659920564785,0.00925126801072751,0.007817355291199757,0.0005766083265525968,0.013752816263207013,0.004524777177524308,0.0017193788422582568
1994-02-01,0.0006373377280821657,0.0002063699815286757,-0.0021950844338197717,-0.0025894542922034747,0.006078880755752136,-0.002238331812898342,0.010508144260011898,0.011858169648812034,0.0008061387462370284,-0.0002962029673213573,0.0037396675252954203,0.0003675349795555505
1994-03-01,-0.002346552678815339,0.010102244434085916,-0.001249541706510926,0.0038424042894327215,0.0056539765549306065,-0.00036374064687316743,0.007258093731545401,0.009775083410664243,0.0042820920127579765,-0.0011389040334267575,0.005979654255666045,0.003192258248843949
1994-04-01,-0.0022938328651667117,0.0014366262320726353,7.922440821928056e-05,0.003845509139630998,0.006805317569374747,0.003870646489207985,0.00952143252669213,-0.0011638650706680131,0.004593296755369902,0.0015668218644975251,0.008260142479079358,0.001968465253633811
1994-05-01,-0.005452285302764315,0.0017602639055844804,0.0030650058356846976,0.012325269608607803,0.0041826352511606935,0.008015803157496393,0.007706953991095,-0.00016309187963725602,0.0048059588461850655,0.004536585726085729,-0.0014011157994959778,0.0034430886905563174
1994-06-01,-0.0030013381100527647,0.0011175456768590664,0.002613229109586168,0.005696839691504918,0.003711048460991684,0.0025839921782004893,0.008591747522849857,0.002678256604270457,0.0011679078898378936,0.0005804274651193264,0.00288917838982794,0.0033613058555417297
1994-07-01,-0.00032976180713784053,0.00041002443235993447,0.0015042436906269607,0.00426746332189043,0.005276187196354698,0.0011005261904193375,0.005443997012623658,0.004196069154355886,0.0023446235267583493,0.0005485275599284023,0.000526349601166487,0.000993492158720466
1994-08-01,-1.3881310810814895e-06,0.0006162767434640948,-0.00488479332600289,-0.002603306784435544,0.005515877482721088,-0.0016265873087154548,0.005092414940869094,0.004104129177462834,0.0012887808763932806,0.0031039820128817563,0.0018195687023354612,-0.0011222455788902908
1994-09-01,0.00032212066973569264,-0.002054386820738885,-0.006522206984198697,0.0012247003462280137,0.006802408147080108,0.0014447156437036313,0.00327554878626235,0.001932849767611211,0.0009252040011649143,0.003284518872700204,0.002267843017995208,-0.00027388029499475497
1994-10-01,0.0014772033281014174,0.003706300201942403,0.00039340219061911874,0.001206287106255921,0.0051101436579912285,0.0031452076482814117,0.005113861549140841,0.0010807834980468556,0.000395857129326771,0.005437731672770729,0.0031266340058764275,-0.00021379040718816356
1994-11-01,-0.0010236501176162927,0.0037943627557008863,-0.003757570338671523,0.0030560635663765545,0.004174922717438356,0.004277484837979184,0.0049079449720625945,0.0030073320709036455,-0.0008324198477662748,0.0012054931747498276,0.0019695047811969513,0.0011165254200988795
1994-12-01,-0.0009762337223278017,0.003835057783875051,-0.00019692717346830868,0.007870574915421091,0.006018534243094731,0.0016259266311446918,0.005822357196995087,0.0036848360429495575,0.0014060683622569847,0.0017780889633458585,-0.00015680430067022133,-0.0020875871014308656
1995-01-01,-0.00023360950083273213,0.0015190767485862011,-0.005315658850011951,0.0010728293275112932,0.0041874928289045155,0.005328511405108705,0.005624576434240636,0.0009717724895437208,0.0010030090126027513,0.0002722648980353348,0.00019191638635707164,-0.003084904767220009
1995-02-01,-0.00463051770125289,-0.0013749071029389714,0.0015255215408420675,0.003147190770392383,0.005058039050307661,-0.006904185888011449,0.005231552736604472,-0.002389450483897493,0.002721909471979256,0.0033090875531338604,0.0031803816203179736,-0.0007378476051829175
1995-03-01,-0.0032500203964944685,-0.008724986314395888,-0.0022311906537857418,0.001689992927428552,0.000986480033831949,-0.0005691925559972999,0.004250717540780435,0.0004799045863761453,-0.0027419534325335837,0.0015502030241336673,0.0016408938508669646,-0.0022976001372030375
1995-04-01,-0.0055292972460759815,-0.0047079603448778595,-0.0010632768255190994,0.005986577243348057,0.0033552575169459864,-0.005711130398342257,0.0019503126171285246,-0.000528366834313454,-0.001544840553886928,0.0007925603953560234,-0.0020902724776824533,-0.0030245415881168247
1995-05-01,-0.0031701097390015587,-0.004456725864522615,-0.005447957532830006,-0.0013504471121921213,0.003865558858625162,0.0002186849569278948,0.006124777679521021,0.0012472438720936285,-0.0001381829790149114,-0.0003715674145503556,0.0016298683919453438,-0.0021723040922513315
1995-06-01,-0.007485719491598486,-0.0027527464768059007,-0.005862046983092006,-0.0013255772707865265,0.0075032302743573975,-0.00185748947867459,0.0031649580190440396,0.0016806159424016531,-3.947171333107402e-05,0.0024428262339450946,0.00427803671026572,-0.002976635475267053
1995-07-01,-0.0007434573478319884,0.0006465329383540386,-0.00013666677842705255,-0.0012751427395035764,0.00460567977706261,0.0075794548649184,0.006398009107725144,-9.011076567633225e-05,0.00027241526882959555,0.003990298047718888,0.004430696392226929,-0.0011584393944903404
1995-08-01,-0.002948580745731455,0.0008074824758366184,0.0006931671315808519,0.004692397234694612,0.003975409590466494,0.005042534672755172,0.004938635759651699,0.0035665595259932736,-0.00020911012188018496,0.00317125272468588,0.004724997555182853,0.0009290374378012611
1995-09-01,-0.001200875717308203,0.0013324990481109467,0.0006764055714718609,0.003606521437009791,0.001958061691989643,0.0037213455862394884,0.0076512487143698404,-0.0003125215144025306,0.0008816769474677688,0.003842969525911455,0.0014054254256190557,0.0016625104686083247
1995-10-01,-0.0013982902855130819,-0.0020347684364212526,-0.0011605279343457342,0.003039098000279683,0.005425982722806033,0.0027094786965364825,0.005082831093748075,0.0023987005732624134,0.0021057308040637324,0.0010045469315960176,0.0002591518651511304,-0.00043744990837080167
1995-11-01,-0.0007876912676336723,-0.0009692090030051226,-0.005577105176265973,0.0010177799341535287,0.004744858713588318,0.0020892157939025324,0.004185449396282959,-0.000622745001121694,0.000935073796633823,0.00434906711389349,-0.0004309470017146433,-0.0012261160352267098
1995-12-01,-0.001244397885610038,-0.0008477038594050246,0.0014967627917015225,0.0013435823642133915,0.005972827321926166,0.003848501308760577,0.003908046366421392,0.0014086598271816353,0.0013980712885020008,0.0009999386604491178,0.002194102563637168,-0.00010537008884936583
1996-01-01,-0.00022934015268472052,0.000418783186222349,0.0011223726783591292,0.0006575208692001233,0.00506073776358984,-0.0008786557729451028,0.001408514010151407,-0.0009352811769657299,0.0012084916062107265,0.0035643900117303673,0.00590259029480511,0.00017935778973665606
1996-02-01,-0.0010309526951960413,0.000393432096616797,0.0020817390583627304,0.003481440913035483,0.005738705237544384,0.0014342455493554507,0.003168960184553038,0.0009714525598563117,0.003397297982302483,-0.004051209320347859,0.003909987609971077,-0.0013377437638905088
1996-03-01,0.00015738734900727636,-0.001439988574394202,-0.0038397459385214328,-0.0006340781550459029,0.004562720505235873,0.006237403249345297,0.005174993623034085,-0.004061220444027902,0.003575056512231667,0.0011920900981008398,0.006144118217779715,0.0008270978257793882
1996-04-01,2.6654375894885618e-05,-0.0017363256473609257,0.0007811831264026292,0.0037233995785446172,0.004975826888358403,0.0025486239506984365,0.007749543168408479,0.0020852749403472703,0.001345007983595714,0.00964938316721109,0.0036900066704712575,0.002964138591815324
1996-05-01,0.0018699633499159596,0.001387555067159596,0.0019926915143675394,0.0005287865218734922,0.0035881038925424935,-0.0002666078538091643,0.005937238453387117,0.0014067888057547329,0.002101097475970093,0.0026934671386689146,0.002269675065725618,2.2416537353020516e-05
1996-06-01,0.002147609260087613,0.003464717525462513,-0.0018018041773185667,0.004408747892453935,0.0031392309368101223,0.0013736422165206985,7.445151068274924e-05,0.0012238902381509487,-0.005132986531810713,0.0018095728844695902,0.0036866337147571926,-0.001021612658142712
1996-07-01,-0.0005555589869314925,0.002992232260647265,-0.001585573332769763,1.7921720704361377e-05,0.003933414713744643,-0.00015440872687166873,0.002621323567020939,0.0028675056967641943,0.0008136326689438533,-0.0004144522691029717,0.004894005440573057,-0.0008683963745466095
1996-08-01,-0.0008744906185106371,0.004888131983467714,-0.004597651477226017,-0.0012358242004363307,0.0033045155386319802,0.006183130369902035,0.0002232512799236197,0.00019552526718635832,0.0016619301954678978,0.0015784815056143486,0.006837523562907677,-0.0007086125433801715
1996-09-01,-0.0006605841827759251,0.0037186832851456852,0.0044171212035701846,-0.0032461996618248223,0.0030416737017484596,-0.002277636627082358,0.0047839850682234175,0.0015995535443034115,0.002471203201301897,0.0026823064961041254,0.001176668113597179,0.000391304055499031
1996-10-01,0.0024413501448046215,0.0068492205085868285,0.001785929150596166,-0.0016719946147172315,0.002591006119949224,0.005371625784541756,0.004875274906277927,-0.0004522641147409745,0.0016518836201289133,0.0031996223135177804,0.004197252924211581,0.001572493635437544
1996-11-01,0.0032089717960572806,0.009886210394684403,0.00436469702110398,-0.002049137273205104,0.002829055669119729,0.0005877512137162366,0.006521771175171498,0.0019079131290442586,0.0003166314236644485,0.0035848109721077215,0.002065488004552307,0.0011655576086626596
1996-12-01,0.0013085639977383767,0.003947293687965203,0.0009496220211013817,0.007397259647255128,0.0021457242233298146,0.005703149957207998,0.005984725788743539,-0.0012785179455061524,0.0035168635619524657,0.003858266718014036,0.009805698810474883,-0.0027883011564853177
1997-01-01,0.0002862482609460315,0.0062342440521305775,0.004769570137653112,0.007095064163802123,0.003966358603529452,0.007658728157186712,0.002691877516860952,0.0006557016563772944,0.0029720785902653812,0.000780146411590632,0.0055556398296598974,0.0011459833815101739
1997-02-01,-0.0018041585014031414,0.0028247723219996246,0.0026296221381743035,0.009351095735378623,0.004546960283539292,0.008023347665780278,0.004894466620204874,0.00012470570729372632,0.001975381653631647,0.0001170734474627011,0.003983198135280475,0.0022090699532972824
1997-03-01,0.005217535622515257,0.011470916062978675,0.0030729379505831655,0.0030507082077579906,0.0044441987854568765,0.006962520240046288,0.00549306637644964,0.003105552182519178,-6.347245988058692e-05,0.0034678777909491476,0.005984864632896381,0.004105201180883089
1997-04-01,0.006445827478610333,0.008864987739954922,0.003748919153429675,-0.0030861972816245142,0.004807989275045221,0.01296647199765788,0.005386458178588294,0.0023885167831096954,0.0010507181873817828,0.0010964770274746183,0.004930656187288829,-0.004629009614619872
1997-05-01,0.006537166843686437,0.0074223142296592215,0.0033663654794742204,-0.0013472916906999144,0.0037603861871118305,0.01178960638560178,0.004687119150041941,0.0012939525224227033,0.0034669493082222225,-0.0004153324955045168,0.0053752639667059565,0.00010440594110661117
1997-06-01,0.005649760202754095,0.007228216995817327,0.007622724976851236,0.0023983717492479517,0.0014974686546669336,0.011079573797808218,0.005220330279605223,0.0009490362358750559,0.005428695108499415,7.578021484766495e-06,0.004756245962850958,0.0004465008645935242
1997-07-01,0.004592100662865084,0.006829173393700705,0.004867727592192006,0.003860722145805351,0.0005197950101636373,0.012735985295390995,0.005917061325154904,0.0006303615144029884,0.004713414720458831,0.0038300162382423064,0.0033799291941887244,0.0004038880641403786
1997-08-01,0.008122783338250006,0.010567037972971649,0.007940104959527794,0.004444299055414103,0.0014067956636163448,0.005465275053399887,0.006492861754466395,0.0009172041262903718,0.0020256449685152056,0.003914954685008132,0.004182502454696424,0.0012269529427639814
1997-09-01,0.005065478725724715,0.007359899287448846,0.005012001967059199,0.0010856808768684445,0.005576859952767466,0.007203045093265414,0.001710873865583995,0.00319066570222426,0.001443513131383023,0.0046047748135931155,0.004776631164138845,0.001261401939459006
1997-10-01,0.008738846724009042,0.012449086611963533,0.010831402180878191,0.003248936475958253,0.007234407492786588,0.004441977889976911,0.004824375966148153,0.004722190451664554,0.0034208979835481657,0.004072917165412804,0.0072284786512524235,0.0035345099171226746
1997-11-01,0.008413981464477471,0.008497880922402778,0.007021305073855455,0.00012116128382366753,0.0060330503346390785,0.00869551587661288,0.006495453375155336,0.0035236582569269093,0.005824908679790353,0.006745042354891595,0.007906765481765499,0.0023084917038360686
1997-12-01,0.012882305872837785,0.01089221279412489,0.017632574551834646,0.0032998407894180293,0.00464022116783358,0.010890769170656123,0.008971509823714863,0.0046439489927270206,0.005451300561381878,0.005146073112951344,0.0084691403667696,0.0024553617802876015
1998-01-01,0.014109109446281742,0.009182703130955261,0.011396472551178816,0.0003976921927231203,0.0041458887275365175,0.009709327073133656,0.007607718451752676,0.00442507768192657,0.005489578717799093,0.009048852517405281,0.007753384789922935,0.001512595477893397
1998-02-01,0.014274993298865057,0.0061596833939197015,0.011543820734702281,0.0037304947705243396,0.005950703351589981,0.013852177432676083,0.004403392916543236,0.0036390140360789136,0.008145334732823084,0.003947562600976839,0.008442411393051907,0.001243371959984696
1998-03-01,0.01778043181921163,0.008095943782806314,0.01403922664894508,0.012763779923328888,0.0029350158587824193,0.007591936175881164,0.0027936521129869885,0.0008986900723098046,0.0062902699730653655,0.0017252173390236436,0.0074973175480719245,0.0013934266353867741
1998-04-01,0.00891263428177358,0.010487831585802798,0.013176924462297457,-0.00012657210213062875,0.005046583994485321,0.008102786813449558,0.006497828755091417,0.0009807979573175363,0.005573364699854366,-0.00033665831080154085,0.00945542331276239,0.002259229538857488
1998-05-01,0.01181284318200726,0.013740317198985608,0.01239332885905542,-0.0024233607529958734,0.005144457926306023,0.006601734694843708,0.00799178094998898,0.002404777265855307,0.006679653605144997,0.0035648590559385074,0.010344576176099185,0.003231705599885837
1998-06-01,0.01229148079709197,0.014670671356112441,0.011506999357051129,-0.003332399879416581,0.0075045246279987765,0.009218177108763825,0.008040976560948154,0.006416160242469715,0.005760179356049555,0.006271035768807609,0.010752162215374339,0.00500504538955493
1998-07-01,0.01626580067263239,0.012168169392388739,0.013043762174694384,0.0007534497102861248,0.007211904901478716,0.008754437436840456,0.007965689969341216,0.006789515829148884,0.007848498619297928,0.0026706892757621947,0.0096416708139897,0.0027452095047453273
1998-08-01,0.012330544171822,0.01377281695240451,0.012136786958192092,0.0011915857839530641,0.0037102570483795727,0.006839567068787966,0.009651058865497886,0.002695857512955868,0.005790446742797384,0.0037600034052400755,0.009318916387328846,0.0025864801137074345
1998-09-01,0.012924871666594173,0.011048711736403094,0.01103241231007468,0.003992576906312939,0.004303455128729539,0.007930512264957779,0.00833925026661908,0.0017261869949598552,0.006418631354407234,0.0013208929194175045,0.01084098872834982,0.00201207335525333
1998-10-01,0.007657830365012996,0.006221238319258804,0.006603282142145561,0.0009809831928946355,0.003598212974833981,0.007281134595083838,0.009352686589944259,0.0007820863222938179,0.005787497887418835,0.002621310852587433,0.004326535965537781,0.004710219098712498
1998-11-01,0.005726440751913531,0.0023444879387928275,0.005759665746343456,0.004334328781198549,0.006704962891403099,0.007488644367232844,0.008715448363205702,0.0024805584098899214,0.005864317676249842,-0.00440500387973819,0.003560733133879612,0.006600190775807313
1998-12-01,0.005337951218178816,0.0027422889574142406,0.007778778742629999,0.0035912572026002287,0.007076472026310565,0.0034133328909573546,0.007235275548721498,0.0021108797798536916,0.003347535619117714,0.00596295593529228,0.010408452744854024,0.005385297808007561
1999-01-01,0.003909856293309089,0.009720845137956458,0.013587590058640853,0.0064365120064449055,0.005915291863449301,0.006287804887459503,0.012158038122902948,0.0040234723750149914,0.0033250726340952053,0.0030656008530085543,0.016566015674834622,0.00721470542590108
1999-02-01,0.006273406891138089,0.011494795556320936,0.011415514433120055,0.005591786470182658,0.006310910082812482,0.004134371178121876,0.010917426466960256,0.005147806000947774,0.007300765916880669,0.006239695261232248,0.014774048430477693,0.0025385019315313784
1999-03-01,0.007182376780469291,0.012298307274681841,0.009352684802959033,-0.0009451501202918378,0.007423573218888979,0.008451714114196873,0.01563504764646817,0.007284209924746987,0.008544185172336682,0.0010972269117179856,0.008038276869889449,0.0052988234436763815
1999-04-01,0.010708646891028684,0.008998095702356546,0.005517520526285402,0.0016927703395150928,0.007497855560157252,0.008644062140237274,0.009143472709948863,0.007725914718774263,0.010837372534658218,0.010999408679564171,0.009473520016745063,0.006252405478942791
1999-05-01,0.008996039489410412,0.00992299338026803,0.006449604584044533,0.004926281015321665,0.004147317989538601,0.0078030898352174916,0.009383897913272765,0.003422065245315631,0.007863683638646535,0.008223845174204492,0.009178093658436026,0.0035079603870615816
1999-06-01,0.008320348137673683,0.014514894127444222,0.010464850717188279,0.0063268461292618206,0.004918207488433746,0.009427112260500747,0.009144842499870576,-0.0010347624532218713,0.011124445464819166,0.009272487920378047,0.008617450315133057,0.007676338111842318
1999-07-01,0.0064893506439933635,0.017713839469591264,0.00945778519268825,0.0027477278911030023,0.005662003020393769,0.004380282695934046,0.01052566068571914,0.00739163015870381,0.009620304395138835,0.0032388956321538487,0.013617783375373227,0.0072777327352886445
1999-08-01,0.005444212702224949,0.014880547633826957,0.009794643812778947,-0.0004269806724250813,0.007733004227070017,0.007290791036001831,0.01247521564239329,0.005062815792785447,0.011423098263258158,0.005643946594245497,0.01053980853624692,0.0073999134511355535
1999-09-01,0.005190258859737895,0.014012178598014291,0.0111872594483442,0.004024315564734815,0.007642824837601481,0.007567343188277231,0.014688962973592012,0.00624882269728122,0.007987267194410785,0.00591984241837662,0.01170544124602002,0.005966664021654244
1999-10-01,0.006649230202812273,0.01221877041057895,0.010971561890516623,0.004197060650612761,0.006930037126872124,0.010332086133972629,0.011125672051548019,0.0005997801053148066,0.008269796025580423,0.00931550370268841,0.010366885825571437,0.00398368713172359
1999-11-01,0.009254695919026723,0.018028671961318743,0.010686109345562578,0.0055924048495392675,0.006769672827346973,0.00838644060185878,0.00827003946720084,0.006119332771607144,0.008284081491972906,0.007543041350767554,0.010777585040522286,0.004680790152865821
1999-12-01,0.010993142249331012,0.015433392176896543,0.01014396351875857,0.0031079293214120174,0.006941485434692085,0.004828188095195696,0.008272377446329804,0.007813125852190517,0.00967368837377891,0.007425609582695003,0.010953873582223439,0.006417709797256865
2000-01-01,0.0069925578862573,0.014203867978337392,0.010300929100438339,0.005498393112586042,0.007711480534146942,0.005460967213342771,0.01000174248914587,0.006314104298450918,0.009937028599274145,0.004209801026528126,0.005594989522483607,0.007769659434860188
2000-02-01,0.010018656664440462,0.02681766087571469,0.012907539831318315,0.005010915049165066,0.005234808966113835,0.0057453793085386895,0.009830156215515418,0.005306777565342369,0.008983791417108922,0.008417916716054075,0.009655233951033404,0.008222363367967667
2000-03-01,0.011576377552064088,0.030398387805146365,0.016418082479189522,0.005282232986328905,0.007694171499783575,0.01265172938278103,0.010654365087981343,0.006097861159947815,0.008099261404633795,0.010022283165490142,0.007427219123823381,0.011729965299867473
2000-04-01,0.009054999709407818,0.030704832327258735,0.015526409810550312,0.0015597538562075464,0.0054755135222430695,0.005228286228047718,0.007863309566392696,0.009148613021659813,0.010502308675719219,0.009601227146248892,0.016528236596844437,0.010300365267142508
2000-05-01,0.007347381277648557,0.028630874633448267,0.01350661643866835,0.004441417443842077,0.007010302141374769,0.007100938183695504,0.01698628227521759,0.007270822965505408,0.017291978622494097,0.009475915334558493,0.01592647601405095,0.00933663241245597
2000-06-01,0.00732629364583226,0.026490148083660348,0.017103308221816382,0.0022690273727314914,0.006936842813956012,0.002066591184112676,0.015249611938006336,0.006353362096555681,0.010950019819728762,0.010712150373203277,0.018118467233692925,0.007566305640023918
2000-07-01,0.005972748540415962,0.008987633849185661,0.012382843333953897,0.0038620247762994886,0.003656072939116406,0.004818440841003246,0.013011778593293943,0.002808991686455542,0.00900951621547219,0.004945346308681264,0.009212013536574526,0.009391453598063926
2000-08-01,0.006037595787669048,0.010035547763047825,0.012293826597200352,0.0053423967033059405,0.003977944915346754,0.0027068453812297832,0.009238215461232047,0.006363089568753866,0.009385685092606844,0.0036911475208627476,0.01105945308364542,0.010132781728795948
2000-09-01,0.008602258244130967,0.01148293464748873,0.008805449299069679,0.006507133192725334,0.004492380650159555,0.003845032262921322,0.011453015992672011,0.007204923763130644,0.0074127494050930665,0.0027022935752429866,0.011274680429596451,0.011151150150261246
2000-10-01,0.008544789007563613,0.023544932190074253,0.007222755822391624,0.00752458260003297,0.003424788294410286,0.0018250057823701038,0.010642275736807205,0.009406831172053431,0.008825995006281229,0.0025089199197427803,0.014353607312404648,0.008049066982703357
2000-11-01,0.010801181231855805,0.025907471949418115,0.01571552329689263,0.003444155653676839,0.004492358433951793,0.005519708683844771,0.012267447542032572,0.012319868246325916,0.00774853581006818,0.004622047808187979,0.01594086532578287,0.011067894824698943
2000-12-01,0.006656304614550246,0.028614626327606585,0.01481909399662329,0.004601054773836655,0.0020242302970014947,0.008342282399203649,0.0127498717797907,0.011686313463830977,0.010872153967478093,0.006301132772721374,0.01899662620097997,0.011848466690436377
2001-01-01,0.011881489137215873,0.02290467508572691,0.016590350637431417,0.0023775235899092806,0.003686299491548084,0.004472301040709503,0.008424700651515238,0.014560510125686044,0.009806147311341995,0.007150880310810681,0.016136243061445787,0.01236765915934157
2001-02-01,0.007778373152414142,0.015296249605291745,0.010452513403124586,0.003794863371377355,0.004494280259871086,0.0013135140122200184,0.011902853281697379,0.007553437198035029,0.011649881640221293,0.005490852938723645,0.013203477451634082,0.014026873248192073
2001-03-01,0.01129818564758045,-0.0010237779267655567,0.018119906996004964,0.007668038946947897,0.005374936022136678,0.002180086202565601,0.003066467209568602,0.010773793179920776,0.009297622386753579,0.007637461783589927,0.009546324966997588,0.012546318581885485
2001-04-01,0.004013882519348311,-0.00801249557215733,0.008505653831518245,0.008992405538028825,0.0058175738439034674,0.008213922733455892,0.010928894063193972,0.011176364711295239,0.009111993782453531,0.008438002171144765,0.009735820390388561,0.015339570716993656
2001-05-01,0.005413557620438381,-0.008918436626083825,0.007426393087109018,0.007365035696370148,0.005772070955027742,0.001862674760910954,0.006184214883300676,0.010997741948532092,0.005269987928979258,0.0071747256653798,0.003568917478302014,0.005279332518257185
2001-06-01,0.00414048988608573,-0.013780919707391037,0.001915226414293869,0.007025860962075914,0.002901333511599269,0.004604278044067378,0.006046477523112825,0.009859345993946,0.009376614530008265,0.010075400344758956,0.010245869795159956,0.008296688120498885
2001-07-01,0.005538713329565237,-0.01186771104300477,0.006185659523183951,0.007285421179399121,0.0045052047436013876,0.002291006669388418,0.003468404762280386,0.010597166948960846,0.00972380650983884,0.008782761169171316,0.009336127363155589,0.006939024768956914
2001-08-01,0.008445817067831651,-0.007352093100219448,0.004664079226069262,0.006058914818202199,0.003182918860270112,0.005118857142655253,0.004763356338397751,0.009894894529910436,0.011433688446667034,0.009109838641750967,0.01068144976843799,0.008313079861467898
2001-09-01,0.008363864119711684,-0.0011409292812656346,0.008797998250804406,0.0065591980691481755,0.003787327409539021,0.00593964083826326,0.004480582120862442,0.010391062724634859,0.011582033836280647,0.007324936582516761,0.009476673276891834,0.008326586589903373
2001-10-01,0.008243795936631937,0.0002063438122659189,0.009248415501450502,0.0033963254717672697,0.004305711377792898,0.0034578646518905742,0.001581981068315308,0.013125480921861277,0.009115298347628142,0.0036627238300759313,0.007703700213866904,0.00837135923342558
2001-11-01,0.008276741635438345,-0.0041787097173058285,0.009354638494925016,0.007931555642099353,0.0031386850657673104,0.003947029988494499,-0.000459461984396059,0.013300719360718638,0.010638328510416795,0.002433644604156404,0.00811772254992138,0.00734723055816322
2001-12-01,0.00819940718072032,-0.0065150613144863145,0.004925407233038692,0.004849230772520308,0.004991616241420749,0.0002856840818037387,-0.00014136819414600765,0.008676085557443702,0.0013737228579164817,0.00244457821481614,0.0025191520423963887,0.009050337353725846
2002-01-01,0.011681838470981365,-8.118098909659643e-06,0.002540283069484728,0.008233565069293958,0.004512474478594486,0.006856010831566062,0.0038822650589878105,0.005917511165699496,0.006458569936133918,0.003548092175440498,0.006463092497478895,0.00846096976507904
2002-02-01,0.010455954463034933,0.006086615994023825,0.01083120199002785,0.004826701595166627,0.0056493219485587165,0.0037899871099531524,0.002426908764752378,0.0074661092576426835,0.005724965943891602,0.005244347205312527,0.0032018236674269396,0.012402140012673257
2002-03-01,0.011828043836377145,0.01524785901307446,0.01111141102155866,0.0034833336026371953,0.0036827774903513966,0.002727104896331989,0.005823207968863819,0.009736578578031674,0.00969824491635185,0.005083102494798597,0.009063517052828374,0.010208112155872362
2002-04-01,0.01112602817982622,0.01968535709265895,0.018433278233990213,-5.0756117689787494e-05,0.004187764326758048,-0.00041843587965340046,0.0018369594508278464,0.011404645166036342,0.010778942826447313,0.0076905250776619916,0.011731369923534851,0.011406601404373884
2002-05-01,0.014505757353077353,0.01996802865531655,0.01831360019151962,0.004117247588319772,0.004551259268828156,0.0017933512520968975,0.005485297783620835,0.013260750889097395,0.013922970770111398,0.005886858302755149,0.016011514606960375,0.012699950953943606
2002-06-01,0.016165100264501353,0.02093406659921082,0.017412721649341822,0.004007615618347726,0.004193294887712362,0.0028552539269759425,0.0019840590952988624,0.013680252148553729,0.015410407513097413,0.00593424294825895,0.015291272513517695,0.011595701420441973
2002-07-01,0.01595452791137575,0.013114500531780093,0.016607629884763497,0.0042000035561649,0.0027671253647101324,0.0035219009850069316,0.003391153084274512,0.014541895599822885,0.01780268250585193,0.006662299092411894,0.012752786845957376,0.01600422554076575
2002-08-01,0.016758427036381196,0.012445517243119264,0.019827256761412615,0.0038161816111674796,0.0025371965390921236,0.002621386655158764,-0.0005216108708998579,0.010692579246518452,0.015935249464837486,0.00636115140885174,0.012568335577322065,0.014280325436891284
2002-09-01,0.01592710008058007,0.005264916554798216,0.01604526900503256,0.004534949803911781,0.0022015436607034644,0.002535025983612993,0.00044887567373153026,0.012407301787659586,0.013308493394456056,0.006920234642531886,0.013317531019112483,0.013294001229063657
2002-10-01,0.018117414703945123,0.006820248854177091,0.01720129183552066,0.011520499295534226,0.002376536901289805,0.0033687089899927525,0.002673608922919124,0.012333850341633923,0.014227056294943807,0.0070241075870085545,0.011409331872818118,0.011695097552482103
2002-11-01,0.01503886604811333,0.005706055271683885,0.01627846330552929,0.012079599699083676,0.003686859732952019,0.004105022764416377,0.004437931597410794,0.011361387865823858,0.014500789340484044,0.007766552154349737,0.01070241711240194,0.009946669541294195
2002-12-01,0.015213733883724379,0.0012954235447601992,0.0140951557656126,0.011647445140392065,0.004071795608970863,0.006229255955660706,0.001250682336648934,0.013361778143889058,0.014492202862553372,0.008374827350246195,0.003046137370145363,0.011987970097160572
2003-01-01,0.012295553849142493,-0.000593596890519521,0.01351856351168279,0.007442511574235144,0.00852857761005188,0.0018510680945291735,-0.0007360158385314453,0.014602596936649226,0.011906307635918267,0.006775295303086848,0.004505865461233327,0.007461778886882486
2003-02-01,0.010678056825783377,0.0008098936581033556,0.00765821159220903,0.0067915858697147335,0.007629222884480313,0.005426073147245081,-0.00016595521573037342,0.014586604455061769,0.008852423323619352,0.007772238930325193,0.007899808248193585,0.008639008872748155
2003-03-01,0.010678134009394213,0.0007369484298995754,0.007560135699896664,0.00470734599990541,0.008055274745700336,0.004423070052645528,0.004079384532848174,0.010398620052246343,0.008647033709541896,0.009939387519420473,0.008516947006923292,0.005109616054689514
2003-04-01,0.010772466024833616,0.002378231610811854,0.008765331837024659,0.007695106961209008,0.002819803189374026,0.003961510280361624,-0.0015484268995968886,0.00889369904431403,0.00752985206447887,0.002296075105240325,0.004430591956045227,0.008270106139957711
2003-05-01,0.011979374759661265,0.0005273548282707097,0.009212559317597124,0.005446935445080792,0.0032550697090540925,0.0035327801069444664,-0.0010974657040241365,0.007153031315602965,0.00766289567110956,0.005749154522333599,0.00156431395298684,0.009601003771928074
2003-06-01,0.011652843143777014,0.003224378560091168,0.00995272159634708,0.007725839135082957,0.0031114823828304328,0.004002450811516622,-0.005541799766870192,0.006388356695461228,0.004984371188871073,0.003782608535600529,0.003290468464903329,0.01074962407142599
2003-07-01,0.019169154976329317,0.009213813402178417,0.013145138908178922,0.011134830418097152,0.005114981330231139,0.00506252840554855,0.0006714631444897368,0.013639941392573185,0.0068484641288035775,0.005161073889779155,0.003368367201798783,0.01122097073868833
2003-08-01,0.01967016708938263,0.011088490079864455,0.018441582194288264,0.016192110487090128,0.006715759994709414,0.008768076513522294,0.0034591246854431823,0.014889762301572462,0.007809088635050143,0.0037646440655998425,0.004399801359362687,0.013446169462902446
2003-09-01,0.021758254156790224,0.0124585230400176,0.021979461304221237,0.01735915337398275,0.007750145482928961,0.0056307819570775575,0.0018447843037576739,0.013005374102838863,0.012146114415852782,0.008253537317092441,0.006787797486948355,0.015706159173854983
2003-10-01,0.021200823674771385,0.012784813679067808,0.023115262362650935,0.02263883615786,0.007016250933790991,0.009335567206900652,0.003726621191094237,0.012840101248375646,0.010319445777820846,0.008712130353589309,0.008374972627152477,0.015308395154038701
2003-11-01,0.022151772076286935,0.014385612060011654,0.022347479177518448,0.02279659541127943,0.00862107852667271,0.005578627279772874,0.003943902424378587,0.010495186362036169,0.0129101377191434,0.008966187178406138,0.011422580562165052,0.015282128863571165
2003-12-01,0.02358633775797303,0.014681639897803578,0.021714871092045618,0.03083438898011215,0.01018523747979394,0.010646867521227676,0.0036901627241605617,0.011514912968460633,0.011737703867566562,0.0102349841669227,0.010278736072830252,0.014356882872491816
2004-01-01,0.022823293834148828,0.011897522355598156,0.01936989063243799,0.029086284084268943,0.008252790872033566,0.005993513710113474,0.006434128638799219,0.013684306262673251,0.010799363879763657,0.007183270095968197,0.007967993539685692,0.018096138653561633
2004-02-01,0.023164372158979374,0.013372860901553096,0.02142473930455502,0.02984361342323405,0.008705040627849714,0.007955186544038817,0.004352729208255024,0.013445787397345699,0.01104524012396313,0.005340619682215442,0.00880941710247174,0.01333146137095853
2004-03-01,0.032100796353672356,0.014121606430006484,0.03315297767663172,0.05409250511747965,0.00965430341404705,0.007456309070360767,0.004738581097273542,0.01955443627376874,0.01226671790043965,0.0061127704227783575,0.007815403442416047,0.01660445478775019
2004-04-01,0.030264885057546653,0.01431327182373976,0.0294624709654554,0.048017516221295686,0.009953466008490564,0.008398886891500146,0.00031158999335345605,0.016373447735052782,0.009926679127857607,0.004013985684974797,0.013954633531019,0.01830831038224634
2004-05-01,0.026927881257010622,0.013768871615320366,0.030063717665049117,0.047256948528975995,0.01174854033851136,0.00997400162376949,0.00016773006368242527,0.019981584979564593,0.011835160456828975,0.009288081408046711,0.0038846176975078084,0.023405436101324062
2004-06-01,0.027740899781167228,0.01819733481428898,0.02672251628336797,0.05458293547445425,0.01101182045520166,0.009353683952425307,0.004110872617007821,0.018562314604181118,0.012873542075591882,0.005953767490943562,0.008077177330884089,0.02592894969853421
2004-07-01,0.019576201311543917,0.01330198872588273,0.023753974646562037,0.04646508188169873,0.01400643936734669,0.008869432170177882,0.0009723400169929786,0.019356191291513003,0.01327279317060226,0.006441115925647889,0.003727801030946498,0.01698757435463727
2004-08-01,0.008848243980908999,0.014178316396745494,0.01464496110711222,0.029957194641284657,0.012997034156682075,0.006519335046898167,0.0029419688718093084,0.0184410356419904,0.009309916553879027,0.0042977992314183755,0.006827027890364157,0.016592896467861662
2004-09-01,0.0074292689458781425,0.014222929541402696,0.012724744423022516,0.01816858959411416,0.021867371786256085,0.008372306405677987,0.0012419148734807983,0.019771853055599475,0.010372646691506393,0.009277074948931707,0.0051373476062051004,0.01589422331997903
2004-10-01,0.005410728650186991,0.017122240317646975,0.010003712192158565,0.011065403354213466,0.02298785544793147,0.007470748755852075,0.005798809937653804,0.01656078351719925,0.011179962143853972,0.006780603191084866,0.011104539346523223,0.017481443274880437
2004-11-01,0.010069819521320023,0.01794200176753069,0.006493097733198061,0.007749351018789152,0.027061049722620023,0.015141516921731935,0.004572185072851953,0.01822814608546719,0.009957979088657698,0.007415434422940681,0.005834688949220457,0.018065579321409952
2004-12-01,0.009752863616220742,0.020930725060080313,0.010950426362766885,0.006421829572468729,0.030168663575788512,0.01333382200483424,0.006703338660323244,0.0192925823486092,0.009132371656429772,0.00906574760400325,0.007317949782757793,0.018815899164269068
2005-01-01,0.015321751712830123,0.024085585786203012,0.010302666629783852,0.004662757909592363,0.02745386821675022,0.018052021552731556,0.004822017892416097,0.022234475172893342,0.01393749328478866,0.009798854777934185,0.008266722158677187,0.018481933067892697
2005-02-01,0.016868891677770614,0.02295104426974537,0.009773950335517645,0.012066658356728599,0.034024668173406436,0.009942146366671123,0.007309927707674246,0.02294225141976658,0.013999204653702968,0.011875782259113787,0.012380426967027347,0.020780896532934356
2005-03-01,0.020157219958288897,0.02270074822699364,0.0037131364895779395,0.00937061769929981,0.038039263202174656,0.016061618913677744,0.002131169990227111,0.028126197754654303,0.017894378407846245,0.014308573671654612,0.008568070317234167,0.02700991457093238
2005-04-01,0.016090102528002248,0.009173059807487949,0.005765609066587851,0.011841673287089849,0.04076017887989969,0.009897628574487172,0.0032176944749913172,0.029591814035317743,0.01026039666473233,0.003951381084796424,0.0057564685939459626,0.021590489327361517
2005-05-01,0.015686422656004284,0.012423921196515142,0.004270280682071581,0.008289342350740192,0.0371860873903096,0.013634267814487622,0.00028806304659667603,0.023435514548050707,0.008001140334225498,0.004340120754757093,0.0012012812613757529,0.01759855103628083
2005-06-01,0.014668164654842775,0.011589769089159763,0.005466695074871186,0.006658057350910518,0.043157738339141494,0.013545971677553892,-0.0014096459031357478,0.02809966656746732,0.00744596665349051,0.0051399882358924565,-0.003469188215840302,0.017621159091218308
2005-07-01,0.015293011091915387,0.010196738987525267,0.003539523721713289,0.004661201296116468,0.038167246819195144,0.013549206425225835,0.0002325860562766291,0.02252170481616589,0.008142889929364294,0.003487667027336716,-0.00039503615169245165,0.01281658034219979
2005-08-01,0.016462833695632728,0.006723389472157004,0.004039290559212372,0.007091217995071508,0.03489405842656268,0.014891198613270706,0.001983203256075816,0.023886414194859595,0.00844686359744351,-0.00039682736632240534,-0.0017277002302982236,0.009354729473109558
2005-09-01,0.01835511076846119,0.009410011449660693,0.0018235307262057798,0.007883252367343996,0.03237933137584781,0.015613508964792189,0.004964407289745898,0.02351072204977478,0.012787958566990998,0.009014504425259418,0.0024855562768018036,0.010010577974017831
2005-10-01,0.019388567836402082,0.006709825273158554,0.007162968439115236,0.008058695337511468,0.019281296079150634,0.014639473442430884,0.005156242334038108,0.02064070359046588,0.012758678678670865,0.007516274937665601,-0.0007477870363269412,0.009854824963910103
2005-11-01,0.015209712234267148,0.006490416159730339,0.007396041017199151,0.010340055099071321,0.01775400873490751,0.0165747287085396,0.00447660234457814,0.015830621416550894,0.012782717869267435,0.013641924622936452,0.00443862528048844,0.010060946014389893
2005-12-01,0.014353778518588545,0.0041717627677924085,0.0012995242516455896,0.008684494663449005,0.012726343646626503,0.014430197681370993,0.005088984363454729,0.015459728400482042,0.013046999328765407,0.008191063365706519,-0.0020697961016497013,0.00900597709653006
2006-01-01,0.010509243932597334,0.004565888681789199,0.0028181293813305253,0.010371225240879411,0.012868957943145132,0.015730185557827348,0.006414351575185551,0.01526477288416439,0.006848511728184237,0.011076149495904408,0.001048824890707678,0.007384523471799076
2006-02-01,0.01127844797338029,0.006526553770783927,0.003202056785370999,0.00916324823591963,0.010056402838852119,0.012267145392894196,0.003503588032834015,0.015164256364888162,0.007256050172784523,0.008960806774341856,-0.005997024783300331,0.006992121054037348
2006-03-01,0.003135888629429262,0.002165507083349949,0.0012541569986577183,0.0035359712201714633,0.005468385248491581,0.013711644220958608,0.00037532623947345023,0.011189287793850866,0.0030968258488432987,0.012624804439903548,0.0028198070273082187,0.0031502450227194334
2006-04-01,0.0036935474377055577,-0.0021538817666890697,-0.0014648931978937796,0.0022345617086576564,0.005708896917010486,0.0075160993825751365,-0.003807067786597451,0.011187424308153338,0.0033894276994987926,-0.0023778315451731258,-0.0039309996627022725,-0.002078251705073253
2006-05-01,-0.0005810286359864136,-0.0036468823032808073,-0.006605624392730602,-0.0015570620610725339,0.0012370435716688721,0.00925094034911944,-0.0005534409790024508,0.005543698327327595,0.0007716481980739598,0.0005995152500752887,-0.00566857095101958,-0.004352279935149195
2006-06-01,-0.00261019392974593,-0.0067767326469020395,-0.006983594363393575,-0.00727076076707478,-0.0022795771226635786,0.010573989734923739,-0.0020718375149942903,-0.0017388540130099939,-0.0019555092181925415,-0.0033502111219408937,-0.010265408769571271,-0.007429297469751739
2006-07-01,-0.0026603496784454173,-0.007215855188989484,-0.007689511971917695,-0.0026387809486373426,-0.006356383091874029,0.00986213421841331,-0.0007923870223072171,-0.002652449658307132,-0.0052945720496139215,-0.003581994480794326,-0.005061683749206791,-0.009089312295698537
2006-08-01,-0.003337835250158294,-0.0031358954123351657,-0.007676194678887804,-0.002836145685226943,-0.00702557852209762,0.008359472699187132,-0.003822754563047037,-0.00873110414554934,-0.009085721736441066,-0.0032231926761049357,-0.0038957819418886652,-0.010708403046449932
2006-09-01,-0.0005648492449108478,-0.0035066168495675454,-0.0030693142156535957,-0.00227394204449205,-0.006957231972229971,0.00695907720928024,-0.001274529685732717,0.000974965947712958,-0.00032383945445935147,0.0026056496541442264,-0.006115931652312168,-0.01096381820227621
2006-10-01,0.002083516516518946,-0.0009144187063784281,-0.005286832176661038,-0.0024594282741686735,-0.005643587791881011,0.005967940453087461,-0.00193238874179269,0.00435017882955302,2.954068340610405e-06,0.00017653887940305424,-0.0006689277859641685,0.00018250573521161328
2006-11-01,0.003336306607577111,-0.0004421083650048008,-0.0026920745403195,0.000530474139765591,-0.002898661312144779,0.007230333928573085,-0.000391568315073032,0.004546421455315697,0.0006176722396860068,0.00018922281982636235,-0.01047737440292229,-0.0009892126367302412
2006-12-01,-0.005811881641108574,-0.0005120835144774016,-0.00870424215242216,0.0014931959100026315,-0.00152113694349576,0.007194226073655496,0.002439291122605214,0.003299331738771283,0.00043859244927024754,0.0026760772394047727,-0.003625956226180893,-0.00040043188499039317
2007-01-01,0.0017850639341840946,0.006867261006159087,0.003417845488742133,0.0007390636197472933,0.003248158361867981,0.008921498210431311,-0.0003779561381038743,-0.002669973925547353,-0.0016096121377182637,0.007826505416580476,-0.004146937223831637,-0.00013378178406764363
2007-02-01,-0.00246709063217343,0.0012083922930024027,-0.005202440865632596,-0.0006045308701612129,-0.002506707141037623,0.008766387286436972,-0.0013779177840161916,0.003035484054119797,0.0018870409381115394,0.007233560328079536,0.004131308459674576,0.0016118658801831387
2007-03-01,-0.005143656905139848,0.0020310615513192687,-0.009536756949428349,-0.002443884333718449,-0.003249689696386948,0.008124556114367243,-0.0031003725658754755,-0.004237594661597677,0.004397085373359255,0.010593836638235654,0.0033224324470106925,-0.0014423367752682825
2007-04-01,-0.008626194854207903,-0.008305059864275433,-0.008360711611277494,-0.011006201427096296,-0.009036572648896568,0.0021754309772992197,-0.003092651902795729,-0.008937133400056863,-0.0028948595426024903,-0.014656498800106776,-0.0011785892495660422,-0.011892000012776238
2007-05-01,-0.008199379355919745,-0.012909135113789216,-0.00967829125132047,-0.011699914603901296,-0.011855138597457682,0.0029783052847207614,0.0016555865674630077,-0.018649026637395538,-0.008209100918306067,-0.008278729794696349,-0.004164154472944714,-0.01148751734818354
2007-06-01,-0.011055966935005213,-0.013324871350197998,-0.01061654766264919,-0.017155724771723224,-0.013550192025118202,-0.0007485852385938907,0.00028695792580202273,-0.017931335869801224,-0.01023306092670151,-0.008343565775910888,-0.007179167069979342,-0.014388536161603183
2007-07-01,-0.010844701706782867,-0.011536711146397538,-0.014088639690535976,-0.013610648876975162,-0.01526107943651478,-0.0009591010334815131,0.000978365733803832,-0.022500982131939073,-0.009215573449610548,-0.00797846052820117,-0.0028162423283589755,-0.013491376255213128
2007-08-01,-0.0140821781828111,-0.005109175923550979,-0.013602697062299662,-0.01930146529264143,-0.014695907936456032,-0.0032671024789996395,-0.00089298696007023,-0.023656076060910802,-0.011564005120439202,-0.010384621818782414,-0.007341046841564891,-0.012610952380455065
2007-09-01,-0.013926964224389327,-0.006849923617276432,-0.016923642834443142,-0.017821270162759473,-0.015811862639791396,-0.0022721528898472787,-0.0045227086408572426,-0.022121905656947605,-0.002458837741446618,-0.009448685893438835,0.00032086766242533926,-0.0022335487818954114
2007-10-01,-0.017081687856140948,-0.017073220871778982,-0.0201157094455251,-0.022433972446598394,-0.024828076726722825,-0.006720234768843647,-0.010761723404385304,-0.021426274847503035,-0.0044338144996999285,-0.006799197355775499,-0.0037381736795673026,-0.00210854343154232
2007-11-01,-0.0314681193318872,-0.024801808292869598,-0.029124603065104337,-0.027036826382117463,-0.02827415233789754,-0.0075282112103942644,-0.012861859608044424,-0.027201042509737317,-0.003251489345730607,-0.0042183109066439295,-0.0027146930413562975,-0.010727298053762713
2007-12-01,-0.025579244361448872,-0.02414955036785338,-0.026955276523222493,-0.02374861681835916,-0.02875348482561957,-0.0039035201885196935,-0.010593783577208526,-0.02466280773926066,-0.007755128364624553,-0.0017270639607026572,-0.008560090311998114,-0.016951566534670226
2008-01-01,-0.030040454195362498,-0.017684654543393852,-0.01737090884792658,-0.0464621573652475,-0.030898532400965628,-0.0068210994978173956,-0.005092393302265408,-0.024124305831213944,-0.004536465548176549,-0.011438328618907034,-0.004682627723090693,-0.01633281168214651
2008-02-01,-0.03688524090058798,-0.0416978638292812,-0.033761345454429215,-0.044209659085127306,-0.03348522662119946,-0.005003252626843646,-0.005188146674482308,-0.02604215928433795,-0.00678611288622033,-0.00989876675345902,-0.007415894068421469,-0.018469622000934716
2008-03-01,-0.033020221244994374,-0.03514420387122508,-0.026626857403066695,-0.041500567438929825,-0.030541817277491057,-0.009873259696830505,0.0007180063476237564,-0.03826460650296304,-0.0030780133807328802,-0.004646766221245713,-0.0080063342549338,-0.01886002692574229
2008-04-01,-0.02602689286965565,-0.033782523079763926,-0.03115775733478432,-0.023000516349724553,-0.03410617264464022,-0.005341297639776199,-0.0012359892672694217,-0.03732035074306095,-0.00830612337504899,-0.008457592948891257,-0.007823829015658701,-0.019008317516858275
2008-05-01,-0.02763145064550654,-0.025055367586677257,-0.02019840290756414,-0.030626975707232496,-0.03282366013335902,-0.012941005927120441,-0.0005170227314529319,-0.04139374144222008,-0.006778187284724124,-0.01249254056183724,-0.0023385292062757523,-0.01898537376206333
2008-06-01,-0.02155645356373559,-0.024962195880158577,-0.023270599283132798,-0.018154669431563963,-0.03348732308840374,-0.01015297002750093,0.0004735896196088607,-0.019234742580919173,-0.005108129083470803,-0.013476885276953565,-0.00018646202223882025,-0.018463424289980823
2008-07-01,-0.022842363631606077,-0.027736699363632766,-0.02575047561006416,-0.030902985095492497,-0.034146081769068415,-0.013549710315609031,0.00037294339994131676,-0.023863054640262393,-0.01167371384528415,-0.016097587795108725,-0.005438806105154792,-0.01764908671895138
2008-08-01,-0.021117126470381442,-0.0385842351660135,-0.024269479086508228,-0.02967653802647141,-0.03386382038315339,-0.009666325994375224,-0.004772738082151617,-0.02257005219610131,-0.007758465621845012,-0.010891648674010601,-0.0011398318331592439,-0.011803115107765771
2008-09-01,-0.025738067367921613,-0.03594007197758331,-0.023208699244846698,-0.029073311936627988,-0.033016762995076276,-0.012937963720376255,-0.006644963161371087,-0.025190427081085764,-0.007398603183784824,-0.011819584110949188,-0.007970669714544965,-0.01890743948116147
2008-10-01,-0.02077677371510267,-0.036739400588619575,-0.024418559644766025,-0.029024433552395035,-0.03522568510268975,-0.010430813587160581,-0.00820984000488345,-0.02816645194816747,-0.009743716880862507,-0.012942365320221971,-0.004958027052195835,-0.021224304856522602
2008-11-01,-0.017500758732672095,-0.021105544304788837,-0.017642886926648282,-0.02831698643273506,-0.0316565055461423,-0.017634998388042056,-0.002865599314368583,-0.022864365237075912,-0.012259459299021058,-0.019816357623065328,-0.016472700003830942,-0.01811297333080253
2008-12-01,-0.020043632479096796,-0.03006451586966452,-0.014460603625847557,-0.04305259738852785,-0.04443694488304617,-0.027083791204661423,-0.006600681907123707,-0.025046803317975264,-0.011812949093011782,-0.020177042088241448,-0.005452917985924954,-0.017803916043133583
2009-01-01,-0.021075855341461947,-0.0304410484696489,-0.017859693796126175,-0.0393781223374402,-0.04502146028401732,-0.024253494738033732,-0.016060528140284136,-0.033305949831853754,-0.00951643492392884,-0.03312491919890881,-0.008581915435842857,-0.012356235998448484
2009-02-01,-0.013619757468576577,-0.0211832488268473,-0.006840395627315865,-0.03241931891459582,-0.037053775481650675,-0.008698029841234578,-0.010672193290186316,-0.025431786839477666,-0.012294787288903208,-0.021029640251186255,-0.005021462697509915,-0.015817698256514023
2009-03-01,-0.010910019030858531,-0.02327660336066628,-0.017252564070447396,-0.03410204243597703,-0.04228777923347471,-0.022674154763494547,0.001522574154085854,-0.02798212854182769,-0.017561232901339374,-0.0159720072034365,-0.014733624234954723,-0.009009196766596839
2009-04-01,-0.013401749890886383,-0.007582967897665771,-0.005890718058388256,-0.036883130199506176,-0.02368926325727927,-0.011808995189036553,0.003434011478890442,-0.01671962296870877,-0.015845557272792576,-0.011569533631219597,-0.005887483535761517,-0.0018249964891146053
2009-05-01,-0.010574873806245333,-0.002525206644332756,-0.0022220347560506504,-0.02850751597135437,-0.017570762433687603,-0.012666794947592819,0.0023028626955714504,-0.015148131345412819,-0.003083910688836622,-0.0005064582789735539,0.0025095820525016244,0.0026885546327373167
2009-06-01,0.0029703273631245253,0.028993136810488318,0.007414462065466143,-0.02413367503652808,0.003713840197188345,-0.00476629066702472,0.010084811825566975,0.001871067431358453,-0.0035458792977959286,-0.010171033957413589,0.011243745603882305,0.01021601268893213
2009-07-01,0.011853890926390998,0.022824859184446433,0.01650262692977056,-0.015601204400898627,0.010847999855966073,-0.004938502574864723,0.0080979085155648,0.002736601410838313,0.00026016096602976546,0.011275629539268417,0.0034981746310063233,0.010672238675982548
2009-08-01,0.012624070566249923,0.024401298150945605,0.014411966565823997,-0.008833665878711483,0.011917904373065946,-0.0010307439845844701,0.005858069429818036,0.006688125091640407,0.0001257812222854593,0.0056856393741036015,0.00675940919372886,0.012323313782158785
2009-09-01,0.0077332668609009225,0.017967857453081715,0.011174413447740061,-0.010840648328370839,0.010002043539755867,-0.0022941774578839613,0.002003850674864749,0.006932118442149138,0.0006397752103350918,0.012053054415533726,0.002695427929130023,0.009459980446381744
2009-10-01,0.008213994719994844,0.018781344213550044,0.009862965825094827,-0.0024103958583340246,0.011650388693003277,0.006524180275786939,0.002431535508983007,-9.811650312785414e-05,-0.00024504470229180786,-0.004658567631501631,0.0022400172883203506,0.00391676463258217
2009-11-01,0.01216394231952922,0.015607365288062391,0.010109728388834283,-8.365171884550104e-05,0.013778747875627273,0.002533747910939299,0.0031503465591034008,-0.000758660281611645,-0.003562037426533382,0.0015366337459654655,0.00610421679083939,0.0027357400637439966
2009-12-01,0.015790811336370947,0.006680187089483924,0.008088177169097044,0.006422279010423582,0.01109800574213149,0.004131570295579978,0.0005952344329234194,-0.0005177554379079963,0.0011543921057719508,-0.005035447438490714,0.004902304167954785,0.0067632370368149175
2010-01-01,0.016638537932030406,0.010702045927247328,0.01290145443482471,-0.0014568695808706567,0.0037735591035363836,-0.0035412307070589177,-0.0013695749327448103,0.0013924754675069817,0.00228016511532525,-0.00222691321328794,0.0009234767785915032,0.0009970022861729433
2010-02-01,0.00013944466561266466,0.005794508113574848,0.009041032064642351,0.00040207517390888903,-0.008178898684449765,-0.003952067106550161,-0.0012988238922636564,-0.00023872187550100232,0.00046868361694052396,-0.004866318066600761,-0.0015789271157664597,0.00267726930054768
2010-03-01,-0.0045686866972947104,0.011723546137746288,0.011649737369791913,-0.0041031233831622105,-0.0031980291351664247,-0.0032021913999462637,0.004814867767781061,-0.0021341924676272495,-0.0010312021278020556,-0.009500576039101594,0.005710123392290267,-0.003160561991181643
2010-04-01,0.002115449374477718,0.005640953842541263,0.001985745027096364,0.0008255128904612885,0.003449206364574131,-0.005297663404837283,0.005351662142079494,-0.0051390461167973855,-0.0016820173737266408,-0.00600201379791776,0.0027207574107122046,0.01167017197203557
2010-05-01,0.006429155295926359,-0.0023860567095135288,0.0038152730998262108,-0.007655753649907893,-0.0003892778399623431,-0.0004747995785802095,-0.005659085727096502,0.00047005207437367247,0.001818902271560452,-0.0018483118749820227,0.0023752869251396636,0.005508349841963023
2010-06-01,-0.002051693454108605,-0.00603995082457609,-0.00298829323022598,-0.010026461207634174,-0.007678189769259158,-0.008748297776667857,-0.007169596794831978,-0.0005461706813296718,0.0015601115333587767,-0.00017912795227048584,-0.004381853286989146,0.005223861241301808
2010-07-01,-0.003238121334022681,-0.004809841092139777,-0.0006199389471386318,-0.012153265054593687,-0.012673249526268804,-0.0034397648212198817,-0.009381720208196276,-0.004547457568810698,0.0016092473126014806,-0.007083764096087797,-0.0029448097066714363,-0.0010890065014447226
2010-08-01,-0.007225796175785781,-0.00490084224692966,-0.007331856670691472,-0.005136982543001767,-0.016478681959913533,-0.007923115424148475,-0.004281796831303475,-0.006054098381605644,-0.005620963018545755,-0.007275285755556693,-0.004902139111060966,-0.005047585808466537
2010-09-01,-0.001056618054045777,-0.002061119104888931,-0.006944343272315301,0.0008104009424168002,-0.01302566615441747,-0.0029254325668366388,-0.002696943991885248,-0.00993731849204893,-0.0014971628085435063,-0.013678427044704566,-0.00723956816884852,-0.0004702864893008085
2010-10-01,-0.0011061902475848484,-0.011857076000340805,-0.009869187653353095,-0.002924703265977713,-0.011652209347496112,-0.007803935310329968,0.0007345891758416823,-0.005463984286413037,-0.013487131537856634,-0.011194382441279127,-0.002532375090076422,0.0017072629708299036
2010-11-01,0.0005338835162023159,-0.0018019470434919027,0.006387419659853233,0.0008015962724099435,-0.008489888747619911,-0.0038381832931011495,-0.004661355653819643,-0.0013862228460428394,-0.0029998613449052636,-0.006984918933960471,0.0004277541733463952,0.0023849102360129493
2010-12-01,-0.007248234173517942,-0.0005653443617972265,9.38044247411618e-06,-0.006561815290378803,-0.010400279538265167,-0.008535210562410023,0.002098482767159071,-0.0025193519277089127,-0.0028139257681577545,-0.002343553321107139,0.004172512985790577,0.003668530021768923
2011-01-01,0.0004357891626503019,-0.0027654898378631776,-0.003611749006885656,0.0007631754050672068,-0.0062271113387580845,-0.010536342541637489,-0.0006730755189261473,-0.00928775386518299,-0.006626464099068974,-0.0027464809751358565,0.0032630448416541835,0.0008959088864661791
2011-02-01,-0.0032834394441793036,-0.013113271054649434,-0.010473683215593832,-0.004407702354377152,-0.001414289335710306,-0.012413084321697188,-0.004909781679375058,-0.014803264758793788,-0.0034738123952863242,-0.005464819220167283,-0.006234324608111352,-0.0010154994216449165
2011-03-01,-0.0015344294948927972,-0.007798964307582423,-0.011293374153121372,-0.008360190858091476,-0.004314013908200631,-0.005559988312398234,-0.008856621744961268,-0.0031864811075121846,-0.0066323024500269945,-0.012550206287857302,-0.012170433313714146,-0.01136045916148476
2011-04-01,-0.0032743054145597528,-0.0013871226750878929,-0.0017615441910240337,-0.009219770335175737,-0.0015835148981423464,0.0002532439437721301,0.002427765450976338,-0.0010477953331248235,0.009818466758244826,-0.01735218461343402,-0.014141649516712484,-0.00710946740113505
2011-05-01,-0.005442635245666905,-0.002384292764858409,-0.005018189944863027,-0.012782000595941034,-0.007630501288180214,-0.00308509607591112,0.0016391600973773013,0.002853533848816925,-0.0017612827607405013,0.0012405762310176982,0.01300546293043392,-0.0008821323153797023
2011-06-01,-0.003801301163665949,-0.004832085420499732,-0.004906193006111947,-0.0038760102772051885,-0.004361281841321896,-0.0020227159342202095,0.0030204900655959044,0.0013230532227266334,-0.003296436087553256,0.004935764611779803,0.00759829973220616,0.00019636080555973656
2011-07-01,-0.003548444439232412,-0.004668498523204279,-0.005779252822172953,-0.005289073079926432,-0.006688648871945757,-0.004332461187231296,-0.004770548661372054,0.0013191271348569344,0.004563156019965042,0.001010356577863858,-0.0010884221552215356,0.005825429406778326
2011-08-01,-0.006131120661739042,-0.00031315874813042655,-0.0025424882423061845,-0.00882619569985199,-0.0032510199294676356,-0.002115849977991524,0.002071250156101767,-0.004402904516757289,-0.0021037266941265065,0.003282911401879529,-0.002465379408971624,0.0007483256152600593
2011-09-01,-0.007212736754348192,-0.006665605292337395,-0.004920800967349703,-0.014493827723614072,0.0005755691704756316,-0.006772614246351116,-0.0006137372192986934,-0.0031988845126095233,0.0015457997628827158,-0.0043108966974815255,-0.0011733864603469257,0.0062052920505177855
2011-10-01,-0.008680492597251122,0.0012162897822787233,-0.0008160081099389815,-0.01509844286889317,0.0033624724331018374,-0.003110995914343384,0.005175397286095951,-0.005382625858899814,-0.010832746478148692,-0.006183572830640749,4.052551511701807e-06,-0.00906144707402634
2011-11-01,-0.00409282279218437,-0.010330329064162869,-0.0035937701028442293,-0.005742631988783664,0.007855028903583028,-0.004762926494863762,0.0028263240586363647,-0.004705055634990241,-0.005025328332373347,-0.016873310097009653,-0.005261428041425709,-0.0006995491983141644
2011-12-01,-0.004940927164801989,0.000539263460788808,0.000697912547569457,-0.0032375280135461537,0.013951787545144922,-0.0003773447915754735,-0.0003955183086082892,0.0041542297463348365,-0.008068949972317663,-0.00833510138155591,-0.006509004737341617,-0.007465249227755377
2012-01-01,-0.0020873518192225937,-0.009568427040782312,-0.00332801838611152,-0.002514294321755761,0.01684692292196943,0.005968191724998517,0.003475173131592957,0.009799556250458252,-0.0054022561222422105,-0.005663636406596062,0.0005813080636429824,0.0015662118158208393
2012-02-01,-0.0021758963491749217,0.004538499769660476,0.0035938650801830008,0.001842734965177284,0.017082936846694707,-0.0026291184580324867,-0.0022789627756029107,0.011869839086624534,-0.006011201437717828,-0.009922867626017129,-0.00212698670153999,-0.008405283652916373
2012-03-01,0.0011568444668630384,0.00016016831387122288,-0.00054134770853842,0.0009344131395070399,0.021642503000879776,0.008194711730716175,0.0102139723910466,0.011582170703176242,-0.0037300622200556743,-0.016399647258846684,0.00019185951440703342,0.009903803244144749
2012-04-01,0.008479562825130404,0.0144918359491375,0.007719573703838023,0.008723642846885982,0.021261255370882637,0.003571768893468663,0.00568846613524876,0.003277346173479634,0.0028772741271316793,-0.002492232069379763,-0.0043546790264389346,0.013636349443912454
2012-05-01,0.011375137168622595,0.018629597173422052,0.001790907702630573,0.014074062576114654,0.02005892503340867,0.011980906483725517,0.010053989221984638,0.005649758280467987,0.004529452107268739,0.02748958033549287,0.011358316725166961,0.014516546740118264
2012-06-01,0.01035060386220965,0.020369117069402254,0.004906584515517842,0.01027219789057976,0.017783011342775268,0.010157639241226812,0.008568322816921548,0.011582126099606516,0.005194598566833131,0.018638973326581487,0.010659746965610895,0.008128611487688175
2012-07-01,0.008403347374411396,0.014673382146184855,0.00591859009998319,0.00330916724581809,0.018164709084741437,0.008786634060296894,0.009113717554594558,0.011939041222071012,0.0002089988293143552,0.009750944741692802,0.009028172768989151,0.00403157813787236
2012-08-01,0.011863840382126067,0.007513905417278144,0.008608050188816607,0.0105952622467822,0.016038594568588804,0.002336201825216655,0.004448501314422204,0.009815925285646454,0.0021825887328643656,-0.0012661027850471296,0.006467319872644373,0.0033630007842877507
2012-09-01,0.012005414084010235,0.01371275626208912,0.017081658120293497,0.015056553923027627,0.014212508393316003,0.008422436038722614,0.010137511929985132,0.004133178900866508,0.002462718481619941,-0.0013842902220884135,-7.935573013584385e-05,0.002110930490777374
2012-10-01,0.01207423274021835,0.014538991944909041,0.017250151334260666,0.029815356491601275,0.015164033346865002,0.0061083852077905565,0.006612623753020852,0.004058173994362146,-0.0014429678210239327,-0.002383005936438365,-0.002638424055921962,0.001072929467405448
2012-11-01,0.010017130476378311,0.023348625856008276,0.015194117683754893,0.00887692557413633,0.016712250421409003,0.012437416358385578,0.01099349838930963,0.008914643785398635,-0.0038020672510117315,0.004838072182986375,0.0003855474123679592,0.0018578620585234518
2012-12-01,0.01718387287141021,0.01541667389998369,0.012077089056686141,0.023010501042701303,0.014993797469894377,0.006212351629742319,0.005789567272484808,0.010365445379070692,0.0012851711614076944,0.0048487595304176345,0.00644676982564274,0.005918093133037372
2013-01-01,0.014705350390716632,0.015920185890200722,0.0002336056958149868,0.018025096298724952,0.017235924703089767,0.00934690907070479,0.007887420592811889,0.010126084607650299,0.0005618095676322987,0.004407659436918676,0.004662794550025939,0.0025295201456705385
2013-02-01,0.01458701252495187,0.013494076849336123,0.006100392718273673,0.02001600799340575,0.014857752563032456,0.0012961912355988758,0.003837169942970897,0.007977986111735502,0.005995748227586306,0.005131864194711344,0.008506498815345598,-0.001293671607154545
2013-03-01,0.021951013698433774,0.02538451197814573,0.01652055451553447,0.026768676007801417,0.015919782911057778,0.018321358139754773,0.007431200929241877,0.01262536837307171,-0.0030714450554389927,0.003073773900596821,0.011316776925881955,0.015749981122740397
2013-04-01,0.026034541475883355,0.028782308258663347,0.03098528659052846,0.022449038769147833,0.012826476729554503,0.009830406338940945,0.007379105213410897,0.022067767218802326,0.009464871561925658,0.013063995790292271,0.009595308956683146,0.009354847811286815
2013-05-01,0.01591194488751002,0.025699240231458642,0.02483242493061133,0.021421477195559424,0.013845584973959602,0.017687641524775977,0.009544257047767957,0.017928920161908835,0.007306267021583324,0.01908194927397333,0.006300873807815188,0.008154168938563577
2013-06-01,0.01718567435675422,0.021560274899141252,0.02232561874555894,0.023132925397640447,0.01158459440634707,0.010000865346732501,0.007581357942300526,0.017173361558686207,0.006402102661827946,0.008842721525980979,0.005525893067663157,0.0022195911550382252
2013-07-01,0.017512310943136544,0.02042829532382373,0.01665750496423124,0.02480034043848467,0.011615838519253296,0.01602857477278752,0.012310593938158698,0.005183417847917315,0.004985359974768011,0.0175339393029319,0.00635338278964559,0.008761206174440206
2013-08-01,0.020162227902999375,0.014756172817906199,0.018967904161679483,0.025698586284345293,0.013941390087572891,0.009721559399990864,0.009585244579711993,0.009406616683491853,0.006108544744582112,0.009831687401657518,0.007604205347038873,0.007109673238332892
2013-09-01,0.013574695433560935,0.015581846062173721,0.011718209310334071,0.014724172279722003,0.014420101350856696,0.009966352735604644,0.007990748855222884,0.01036431671600102,0.008341172545220266,0.008987458430285589,0.01033887952019752,0.009345297051432722
2013-10-01,0.013900788009510556,0.004418781918080539,0.007760116050794075,0.014427655398795869,0.01043096436094837,0.005689370320487663,0.002602960846732838,0.01623449111788844,0.006199090787284867,0.008800288866385841,0.006973400271070629,0.0045603817752943865
2013-11-01,0.006470026026109688,0.011374096498493858,0.0059032571606503215,0.01071433074251793,0.004964849053056497,0.006320296573632644,0.004833551029186589,0.014892259679046838,0.006295329202976152,0.005167579154463642,0.010692470024847411,0.0047936986321786
2013-12-01,0.005068110508487544,0.009640996391266254,0.006223210405602586,0.008490534746871115,0.0021744727403254505,0.005307832723691508,0.006352455983609229,0.011059253008383507,0.00197733432711078,0.005804627596193823,0.004920165090604334,0.007378204553503798
2014-01-01,0.0019639406923102065,0.018282057132536167,0.010326691679298783,0.01305187531080021,0.0032449127050466764,0.0036737658867473932,0.006210699907855721,0.009160362401661848,0.004172368429286921,-0.001259075260762299,-0.00042460571610458686,0.005102729842898057
2014-02-01,0.00780528728635832,0.006783548189947641,0.009427929361073728,0.005343128397077068,0.002188143925986763,0.007370824245107821,0.003626009196171065,0.0029990590143607054,0.0001190369806129965,0.0017410965469100148,0.0013690764420322132,0.002759794913574698
2014-03-01,0.008231718437675006,0.011519384676870859,0.006684316742977536,0.00917276058247185,0.002831215100004947,0.005301599032648374,0.0063256449893649425,0.011992144481590916,-0.0007116475144357537,0.0068706401944544915,0.0057711480001232385,0.0075611075830672725
2014-04-01,0.001896000336570669,0.0055794252551713,0.0014691096727195152,0.0018266876589971837,0.00054911327788143,0.006011839589841417,0.005869002728792205,0.008042433137286586,-0.0007312784159387853,0.00534810597613955,0.018743578663188876,-0.004112227546896219
2014-05-01,0.0015054673875143365,0.005307020317731448,-0.000107558312555045,0.004292259195090686,0.0004136788868915886,0.0021380386079665747,0.0050088141367907735,0.005553195824899326,0.0009280981143275913,-0.0009009906506369791,0.0005295831781391147,-0.0016880967644559153
2014-06-01,0.002645526088469685,0.002257561163486743,0.0008278295247152734,0.008200989484161036,0.0007566661120972373,0.0040312756688962725,0.004401686899965673,0.003498381723601618,0.003991013846158076,-0.0029673833389551874,-0.004458304816983283,-0.0016472563684083452
2014-07-01,0.002812901326286532,-0.001929395385004029,1.2143082181115261e-05,0.0031896944475149347,0.00015719990187479382,0.0038658055814111414,0.0034262096761115135,0.0034973458055174156,0.00299699173146184,-0.00395391366320319,-0.00474467316727778,-0.0028141338481952882
2014-08-01,0.0003443148670287943,0.002180324919395682,-0.00027628038053206794,0.00346908710952043,0.001066621848500704,0.00514901761826092,0.00658704365785745,0.0046809471799238445,0.0010014467568784102,0.0012751061253288842,0.001905876959507724,-0.0003123231596079412
2014-09-01,0.0030070939181781053,0.007503529637763684,0.0018767395596832603,0.00489861725529539,0.0013744178902612703,0.004956135939921058,0.006961747632147963,0.008288752267675337,-0.00011856300988022372,0.001755272763779736,0.0039333598690962646,0.0003613585977357836
2014-10-01,0.0077592833415143225,0.013643813604633515,0.004563360883875545,0.003767386161955155,0.001910079953295396,0.008329042712508006,0.01126882186920053,0.007548774026567395,-0.0002727943054054993,0.0024278571077256395,0.004927316803765347,0.003969980103192938
2014-11-01,0.008150477244466714,0.008089061879757775,0.009973778233700159,0.00765150388446556,0.004056856835688238,0.004783320077049957,0.007144163703717954,0.007135247777318554,-0.0009087291517672069,0.0021985297038049634,0.005447829309547236,0.0012346436285828322
2014-12-01,0.0073863135490881415,0.011225718674173102,0.004436921706541197,0.002252196077165536,0.00518491639043428,0.009689582262793595,0.012264095378030637,0.008434903760024426,0.0052765448453109265,0.0007447916555782808,0.0037768410161949095,0.0023579704547227465
2015-01-01,0.0011950590894027613,0.0022616298098052656,0.009085243036398793,0.003959943379991726,0.00430483181796637,0.004523277376019763,0.007558389567035473,0.007930395084548625,0.0032129046623634583,0.007703055791401514,0.009085292000216905,0.0007551052467178465
2015-02-01,0.008924415794306695,0.02417740227662435,0.004208577815429049,0.003248431408519714,0.004929434488776252,0.007613495114061397,0.016409771254895844,0.010037797393188441,0.0041560279012144985,0.006759456058484492,0.0031241459654247627,0.0033961768998604924
2015-03-01,0.005510624531405606,0.014532725627306453,0.006529985365383517,0.007880798687342594,0.00488646073734067,0.0073664325751372495,0.005027253000179588,0.00681382679883713,-0.0009117964850819948,0.004209178054505935,-0.0006010062481053291,0.0012591784318485288
2015-04-01,0.006481828834153935,0.005585436702969515,0.0011803148122433438,0.006466430426284697,0.004475022974896881,0.006080958992051189,0.009389372040733202,0.005530867492806513,0.005372337250238557,-0.002586855923852882,-0.008450061230699468,9.831525612580272e-05
2015-05-01,0.004728216905575566,0.004225478360458723,0.0029464035323139015,0.00781773769834837,0.0040495425779987215,0.003124516267368982,0.004457567833957787,0.0025104404683371495,0.003198530238304187,-0.0026619375771863574,0.006749219285562935,-0.0019042442457994913
2015-06-01,0.0036323302704963645,0.0021687188663719326,-0.0009697614129777765,0.0031237745099075287,0.004672112091255398,0.004506803305275531,0.007435372929034623,0.0019756128314885046,0.0024265267295719983,-0.0029941074555335234,0.007318160004563534,0.002154211891541191
2015-07-01,0.0025525503797036997,0.00541586214277423,0.009378952943535745,0.005809483629070744,0.0042911073745883765,0.004459497034738247,0.005122312645157168,0.0012664004540026141,0.0011264662132091097,-0.002252319856405949,0.007109017574373766,0.0004684203528813047
2015-08-01,0.0025147612981013534,0.005894516175697806,0.005698388831939738,0.002397371396052339,0.004340431898074204,0.009643302514427354,0.010922192728390012,0.00589811322809819,0.0015395392248591655,-0.0007875615793048185,0.004756301955504361,0.001120460239365073
2015-09-01,0.004473926070525547,0.011635305411329844,0.00802636091187292,0.00224554420877765,0.004146838262959918,0.011722142920155054,0.009023693882261874,0.009659839637222722,0.0012294815743654208,0.0016843221574265321,0.003470054757112706,0.0007656958015507254
2015-10-01,0.0054962107630327495,0.01049999338770502,0.0015541498193736292,0.00287014028890642,0.006012754433329048,0.013872386508740453,0.010541395948590937,0.0089414075851737,0.0018438844849242297,0.0031910635932670406,0.006547723622081003,0.0010529794446387797
2015-11-01,0.006386353942489098,0.007758820781111675,0.008778971467100494,0.0034521796637776436,0.005704739786839497,0.012568835234917586,0.006960324719223809,0.00825398383689957,0.0035060115151142046,0.0069021566232836395,0.0012277779779095166,0.0045238481710399014
2015-12-01,0.006595140281917766,0.004552591232988679,0.012684496874193707,0.00819441627230133,0.008973875447052526,0.00926416400550023,0.005187005671672962,-0.00024037070231164304,0.0007888885790587885,0.0037072010743022243,0.003111443433350125,-0.0002739242466356373
2016-01-01,0.007454745169363397,0.003648731304208619,0.006166013640038548,0.004937740955772485,0.001784881926598647,0.009468567616006673,0.006800174618155852,0.004199265361047422,0.00017499373242624294,0.0024857462336882463,0.0005623961613543393,0.003525539108876208
2016-02-01,0.0071469612357655254,0.009345748569649315,-0.0019665470624748993,0.0074354119559341125,0.004236843135049906,0.007840158377466988,0.010178143953054164,0.0039521838804463805,0.001674665296578004,0.0024678491472216457,0.00368390943771435,-0.0030757341141586236
2016-03-01,0.002243785547975996,0.006857403547814167,0.004243913141849687,0.0031693535438834797,0.000994748928080158,0.007287701828382787,0.006131542698648351,0.006764495301373907,0.00260737402631972,0.0062674860872857785,0.005092502900492235,0.0002366319274587081
2016-04-01,0.0022746880613793152,0.0010237818318574732,0.003415430930070684,0.005967206943752856,0.0033667776030124053,0.004821814452238948,0.005713010898047655,0.007251084387569717,0.004280317675433798,0.004870594799804451,0.0039019495219692057,0.0042388056739151025
2016-05-01,0.0014953601759484236,-0.004973822093296221,0.004180403224586682,0.005823144722577833,0.002872239554060574,0.0043721827181466555,0.006059733703321468,0.005246371546049344,0.0008274530968639393,0.0036464847116237653,0.006817996089957701,0.002880392912540053
2016-06-01,0.0032209940556906513,0.00330762242438265,0.0013794328107095133,0.003594665687009835,0.0033510037679727045,0.008839166054069869,0.006219679250894838,0.006427466745857036,0.003245109595320761,-0.0010300445017150661,-0.00024297205646184317,0.0009286200956153401
2016-07-01,0.005232307423328475,0.001989433017429265,0.004063880008808862,0.002773160428817034,0.005103071442794427,0.007742500774988503,0.00786720580127609,0.003244867945839891,0.002703301688596227,-0.0001162043963012227,0.0034060941487787932,0.00011049025194997952
2016-08-01,0.00544998485776893,0.011517631511972937,0.00467248981679802,-0.0001986385541101754,0.003929110650573886,0.01119226218967695,0.006120135077024136,0.005968567481844156,0.0023942876855782558,-0.001761755219063743,0.004391196457856905,0.0023236913548796423
2016-09-01,0.0051749614508405095,0.0017953528040113298,0.004039258875628837,0.007114005111288124,0.005177773699543531,0.010390552597388414,0.008183613575831528,0.004708808809352538,0.00042152064266254285,0.002929572363154609,0.004916103152425633,0.003451978551228141
2016-10-01,0.0025623265343093227,0.009122340207069257,0.006616019823585839,0.0028677708695292736,0.004421998860903553,0.010325178087766451,0.00608791210026105,0.006335299199943245,9.046218041008913e-05,0.0003691019824183517,0.007227989102171373,0.0033646126895028328
2016-11-01,0.00464045618943687,0.004961260849140281,0.008612067244373911,0.006835108052418715,0.006179935753792165,0.009807712874191576,0.010738342647334642,0.0053333210231976125,0.0065502500507348405,0.009832456542152812,0.009695001896511402,0.003399387786051422
2016-12-01,0.0056719414294736925,0.01033676253293625,0.007732555380719264,0.006092671797521154,0.005383171550030763,0.012215989037368757,0.006326755996984401,0.0066841818912528606,0.0038406998918949498,0.010671111585429438,0.010418976104447752,0.005417591139669664
2017-01-01,0.0060828018117422555,0.005920933066934531,0.00783222836672337,0.009854753203224709,0.005308790452400736,0.011892082400976944,0.008006306798116869,0.0026988305187687356,0.007096286223920556,0.007154026182889961,0.008041776175000459,0.005372428004692731
2017-02-01,0.0026500184762190404,0.007217692225120365,0.005261606434858734,0.006832004749541598,0.0046583083866567065,0.013477269644929013,0.0045223322408183275,0.003561934717860815,0.003053749127201799,0.0024501432199186546,0.008182047567842687,0.0032927603272692174
2017-03-01,0.005243682821129303,-0.0063819335205483885,0.002399242276040381,0.00514038793019056,0.00374555651969799,0.00820125058983523,0.0015563956827673309,-0.000986896412510485,0.0051417612385251665,0.0011824542860097154,0.003885120175584955,-0.0016019200962188451
2017-04-01,0.0016548876361872633,0.0011808177950787258,0.004463456146609257,0.00803004839103183,0.004429948603633438,0.01079042030926236,0.004255899944159092,0.0024640522390948494,0.004175233209166018,-0.000731838526622175,-0.0040429786215246954,-0.0005002721464465454
2017-05-01,0.005941833490414217,0.007238922650685264,0.0056477347450849535,0.007915322518921464,0.003392363245161567,0.008699640807396491,0.004858574997341103,0.0045789237886015854,0.002489084659199392,-7.075205562467879e-05,0.0020139694801684094,0.0017665772542048153
2017-06-01,0.003780192745097999,0.006766065977543034,0.006782295819018236,0.006884921366071772,0.004162928490916373,0.01072260232728195,0.004556602808706733,0.003922343428038655,0.0008632989944752367,2.3857030827745263e-05,0.0027735913016300184,0.002380821372670816
2017-07-01,0.011280162679027983,0.006687482944387035,0.004680433760655411,0.004731743956998047,0.0028982723109061137,0.010181317962828285,0.0057754956490239096,0.005372819756464642,0.004372330108887379,0.0014826873010171937,0.010166706430136507,0.0032320365538902607
2017-08-01,0.005011421012327322,0.005643120158408177,0.011965446001773294,0.010361344886557822,0.005785706255148959,0.00966445517366421,0.006686670241971671,0.0028602603041745223,0.006414350405389291,0.002008110179635869,0.005442496651230089,0.001607901828995617
2017-09-01,0.006183092896357989,0.011572285459398035,0.007623213439377219,0.011354314577108227,0.008228281022488959,0.008282363390827996,0.006847201806888581,0.005422945739247176,0.007399782460663085,0.0032830065052673607,0.007522749639322424,0.002321739959467939
2017-10-01,0.0050710732472534215,0.014697782569709883,0.005164631970985711,0.013372001350161256,0.003605599363191603,0.008700702915019232,0.0068825069185485255,0.0011674886336230372,0.005161948626347224,0.001258513085021784,0.0031066721690182764,0.003691992663835686
2017-11-01,0.009555447658331273,0.01777574280505201,0.0032127238272763314,0.010994097989326601,0.003121317444863436,0.009919442149001867,0.00837397667737716,0.002478184199456779,0.004022694633367241,0.004619800678124841,0.002464020570475789,0.0053955147164821415
2017-12-01,0.009152964872312541,0.011820913476267014,0.007925250255575333,0.010890213112301428,0.005823294537933732,0.011698135063532789,0.010733928126867687,0.0017385554542730386,0.0026099348971155845,0.0017984897472047567,0.004065913210443695,0.0006168712367757845
2018-01-01,0.006211387802756985,0.013427450322504253,0.0075245590643948645,0.008258795697468457,0.007283247961066497,0.010804842237676304,0.008874904749081702,0.00680485079617088,0.0042928980212415535,0.005536479476549339,0.006855919944450672,0.0003239722256023203
2018-02-01,0.008612834265476765,0.004482788423578965,0.005867497890085449,0.012483887106163216,0.009360223307220306,0.010938583599454432,0.010550926069504696,0.008470837168395473,0.00823774191495108,0.0035130793043454123,0.012814596788338406,0.003281358159169523
2018-03-01,0.0032854211637405317,0.003449505406367237,0.0016832555109733693,0.01100822480597441,0.0075686770916973956,0.008686152224178345,0.0021573076348559983,0.003310564403028682,-0.0017911630491758146,0.001946840577673692,4.477378869438553e-06,0.0032601191623469195
2018-04-01,0.003610553347749512,-0.0015542074047855126,0.0034234519188556245,0.010972616463330587,0.004108524041631867,0.011993129129648894,0.004219755207582221,0.0020168281676411492,-0.002191020732245752,6.355183943473897e-05,0.006007464562730824,0.0015967009376014474
2018-05-01,-0.0003775675803672218,0.008291996350332509,0.001363265957051052,0.007566675971684589,0.006424197158811484,0.01379946335566995,0.004396067530027192,0.005054753618452201,0.0010313688143519517,0.0008814401486050283,0.004383233032473566,0.0008659410915896615
2018-06-01,0.003131509307845448,0.005723936018936504,0.0041605268989337585,0.010243736622521649,0.004505205464665041,0.005365057951502106,0.0033641123179719568,0.005475564273208944,0.0012190294171716687,-0.0001003857807887476,0.0030863659800015597,0.0013738211123044408
2018-07-01,0.002167454666385904,0.006608354697430485,-0.0003240153768241383,0.010575192566345315,0.005411145368112047,-3.41540879037483e-05,0.004334844720701669,0.004181364958014688,0.0005995011559967178,0.00030099757468948773,0.0011215884415780586,0.0028645900120121137
2018-08-01,0.00371505765204172,0.0035695050019644015,-8.54746502784165e-05,0.012223515313336986,0.0021066489132148813,-0.006939029342927561,0.0040802143957439085,0.0020566162653139486,0.0036432901594898315,0.004590635714704083,0.0025038384554307846,0.002478767355066802
2018-09-01,0.00045190677316364614,0.006188485487161222,-0.0006553500498752696,0.00818810783608459,0.009127102472014759,-0.002268543692550473,0.004243377274780524,0.0016057387386398947,0.0037152463198057983,0.005222817612431596,0.0033226192543300836,0.002917993194680557
2018-10-01,0.003522302985472292,-0.00250941111307712,0.0022933026436045,0.007894447320810238,0.008834909123959678,-0.0005928502794965151,0.0035963624890849033,0.0027179160963397564,0.003638483304354123,0.0035247085191949523,0.0057593358790373195,0.003298234360844754
2018-11-01,-0.0009594467122339134,-0.003513516398839567,-0.0002899773329398947,0.004477853891470707,0.007993313022730542,0.0005007634188551879,0.0017928092063850265,0.004912596078162634,0.0027078799179001134,0.002302318538233372,0.00404007597835121,0.003424341310880319
2018-12-01,0.004293225121810629,-0.00832145863242939,-0.0009513711546793591,0.0050300943575321,0.005126538392842939,-0.0002799353464572052,0.0035027040452682012,0.004132677826539366,0.0024512055837981883,7.547244994254854e-05,0.0009685460713511063,0.0015750559710618894
2019-01-01,-0.003864152821520306,-0.004323964291826132,-0.0015020280216683224,0.0013041772068036472,0.0034815866495396808,-0.0007516761722551335,0.0038228273782550115,0.004215005945841455,0.0019400950102790304,-0.0009621365288087214,0.0008763236912283645,0.002634642537693299
2019-02-01,-0.0018815506967797546,-0.0015636765173723255,0.002351999953022599,0.004040097306564627,0.001236811751827105,-0.0025469837390966754,0.006526134760107993,0.003470888605767941,0.002741985024250715,0.0017588120020852749,-0.0004558366465425845,0.0021299527532343543
2019-03-01,-0.001996974059289891,0.000926732388165652,0.0004914184483038042,-0.0035005415796546258,0.0014187785768338124,-0.004447335603082303,-0.0036021683731757292,0.0026212444831683612,-0.006246764257915038,-0.002767158417760429,0.0046659130248825065,0.0007789447477106748
2019-04-01,0.003676147643290051,0.0044549018730735135,-0.0021684799946117828,0.00043385700283504747,0.0021624055583402413,-0.003851045363753136,-0.0003672624922806955,-0.00160545949073998,-0.0010597069143269966,0.002134965144981793,0.005798736388347159,0.0012199637121004248
2019-05-01,0.004522678450701312,0.0004707944023074617,0.005668405205255134,0.0008496073376307312,0.0024198387227749585,0.0018462843364623893,0.0016671855741974273,-0.0008196820722876641,2.5620114998847754e-05,-0.0004875255816498836,0.0013522048272101017,0.0026215604957311456
2019-06-01,-0.0008399125706989308,0.004113526082098806,0.006098884128179494,0.0009620466263513539,0.004868369235422998,0.005445156749598112,0.0020484342713313897,-0.0007577461223713389,-0.00150421814322943,0.001644464713184357,0.006001718992004967,0.0022683240990899467
2019-07-01,-6.652163012965673e-05,0.00020957886254002744,0.007649546816822506,0.002930773111170515,0.006141036062919936,0.008071379345531149,0.0022775126718210803,0.00350135225464987,-0.0009546606726514861,0.00047603195939482923,0.002555552642308001,0.0011774359279528301
2019-08-01,0.0036336327836812288,0.0030182163155665354,0.0033774098730481317,-0.001103185722814204,0.007672428312142765,0.007173923626003331,0.0034767048159749514,0.003977488601987433,0.0033425064776781976,0.001774204409248803,0.003963270523133833,0.002837986301096107
2019-09-01,0.007372085820952057,4.941825626447738e-05,0.005580742415346895,0.004318213980549546,0.006905670415123133,0.008320772533160214,0.005757088025204915,0.004321038582444148,0.0030854571095788597,-0.0042920905660358555,-0.0005137423794648877,0.0030619221479271097
2019-10-01,0.0065519156946129975,0.002552438844953153,0.0030244859280530445,0.0029675400763216064,0.007756505744574316,0.007064170630372457,0.00693374919388523,0.004935889115857517,0.0037356003748838518,0.000774939637650629,0.005447460342414612,0.005674361293005026
2019-11-01,0.006591257217803959,0.00639182182388387,0.010870790481841253,0.008762412783021034,0.008990597538241607,0.007631755831459142,0.005549386416532354,0.0036962474240398446,0.0010317930017340604,0.0007675777065763167,0.00786278641482352,0.005092116286658177
2019-12-01,0.003937766688526745,0.007611281818011628,0.006596361375737603,0.004910463986238289,0.011795648088307908,0.00818551814768731,0.004297694098563065,0.004150802059666114,0.0036905695937079486,0.005979684858697043,0.0070031614413343934,0.004301858280619575
2020-01-01,0.0032196519935914214,0.0040249038247914815,0.003471258832075552,0.007991863161056711,0.007902048106162463,0.008715553504886397,0.0038901977037983926,0.0021463315721028664,0.002230745502723064,-0.0031637066076859455,0.0016039451759459755,0.00464359790708424
2020-02-01,0.0005632314181385212,0.002432467019127804,-0.004356581506836488,0.007248150989348501,0.005411084562246593,0.004788392069680736,0.0027911081849263386,0.00786905139277505,0.00810179764010499,0.004228462066602434,0.0023734956250254235,0.002719578216970664
2020-03-01,0.001461892399649889,9.446439938587403e-05,0.0021228121159659885,0.003385694455705357,0.006946750481571229,0.0028398405541385507,-0.0024291566434950784,0.0035673802183986414,-0.002353466922415559,0.005206055527531506,0.0031732159507524837,0.001447463707830332
2020-04-01,0.0007225575316063271,-0.006735809938183679,0.003443731328569788,0.002488194659512555,0.007681322613619868,-0.0013511342657998027,0.0008517785688091362,0.0025682002285509764,-0.0010208748498456988,0.00022119411161747315,8.32465394755566e-05,-0.0020498188168399656
2020-05-01,-0.001028464022980291,-0.004108761630244762,0.00020515141854682284,-0.003564924861073515,0.0026279026044697673,-0.0017518327405487977,0.0009096748337245053,-0.0006566355220787301,-0.0026349102075661213,-0.0011082357689868871,0.00034346252801142896,-5.2680982476127625e-05
2020-06-01,0.0031846890768822966,-0.0013267386711914853,0.005807636655284609,-0.008113708399761665,0.004583108942573411,0.00380441404603471,0.003253145269379143,-0.0026334068875973893,-0.0011667641561362574,-0.0059148260944276165,-0.0008407875737811432,0.0031762313663858954
2020-07-01,0.014991949100306101,0.012523714912997308,0.013076830724518373,0.002781948911668275,0.008664803756000872,0.013068571460062017,0.006608805981652033,0.004574404085015749,0.0038421684563161307,0.007939095190643064,0.012103123739798605,0.011824302903022055
2020-08-01,0.019054404165186112,0.019061735956130255,0.024697012560966902,0.012110267042898304,0.014767215401772615,0.02195642297634759,0.013290937703787309,0.01083540113717607,0.016245091384684995,0.014787895980457488,0.01712901477984241,0.015486502292563875
2020-09-01,0.016135059951584596,0.02062201421244292,0.023718177817539488,0.011438822681890448,0.02193797268241604,0.023923234602580168,0.013470911697122334,0.013384949138515623,0.018173675003158918,0.016181947557985188,0.019704369503622976,0.015689235941617197
2020-10-01,0.013913790392108716,0.019724729989638812,0.02316628314667435,0.013917617535179172,0.01970772102356322,0.02096841491870971,0.017144275673142584,0.01670147458962168,0.020577800337088448,0.012795144325202568,0.020823101157020574,0.015651025565475818
2020-11-01,0.012868433131018486,0.014216070842555384,0.01712185792902643,0.012896138670765112,0.01921890153928918,0.017315705781326685,0.015878293714313152,0.015189245780732108,0.021325901096623134,0.010147308676005995,0.017734724039704997,0.012812151886725909
2020-12-01,0.013365253038262193,0.010107638596821067,0.013962861857180098,0.015784657375643718,0.018096084265506684,0.01611257866210747,0.01517411489952969,0.016173379937477472,0.017115766978855973,0.009458085851111298,0.016089067994864203,0.012185614868561512
2021-01-01,0.010520695954343573,0.012462136038607685,0.014557753022716335,0.0159326628482499,0.020975591888840794,0.01511832625904197,0.012165434502564354,0.014686927094000879,0.01563461013032086,0.0092796377157367,0.013088614928974174,0.010032367064694903
2021-02-01,0.00971713826815801,0.0088188420489701,0.017873441100338505,0.012148826841290372,0.017315987764805252,0.01632134875735014,0.013518399830865446,0.013093157437596092,0.012480124587389785,0.004583832004487309,0.01078048393172204,0.007991959544803473
2021-03-01,0.012370874952736477,0.009420811260573148,0.018399466705310674,0.015967743042963223,0.029095894198037042,0.021843135414150616,0.01570895110641035,0.014777188480480596,0.007517515802834218,0.008522292948655252,0.012995157674115632,0.00901636077244694
2021-04-01,0.011280853875579755,0.01755314324962476,0.021988748411144954,0.01737847774046486,0.026132703513403355,0.01968750310231604,0.015382715809131087,0.018521042791065145,0.009710272219340288,0.008775948377889087,0.009914624136138084,0.011455551910138029
2021-05-01,0.017685032349705754,0.0223040416650222,0.024459483504717383,0.022543012462001633,0.030058398166086242,0.020857267970459725,0.018250684265947337,0.01942089233806521,0.011552727661733986,0.009248465772588421,0.00975877830158356,0.010118997261347573
2021-06-01,0.018425307581499517,0.030382004694784692,0.025829263961879567,0.028243926447909518,0.0317295749491322,0.018307143988335328,0.022175628911133227,0.02641170474436083,0.0085133144204661,0.009196772180988022,0.009481761979749814,0.011113230376135874
2021-07-01,0.019063738791976093,0.014027129933332771,0.021524110407638464,0.024440878417286482,0.033827441721811846,0.017032714655914827,0.021327443411128577,0.023996616770124657,0.010583155170400982,0.008793122417705357,0.014040062446822432,0.009083916580463258
2021-08-01,0.015119484779166026,0.014867078313917759,0.013218340791536276,0.023047601211194646,0.022876716733239322,0.01272974023592166,0.016079331337546687,0.022993309536337936,0.009436363137639514,0.010215997046970848,0.009523509715847034,0.00823049101481299
2021-09-01,0.016357776710944183,0.009105703740476034,0.014945700976730647,0.01976691079068149,0.020292735811658025,0.01512210355058996,0.011708385252480635,0.024923341396779763,0.008807865839778106,0.009853480338651632,0.012768790970033805,0.005097506893261716
2021-10-01,0.01688655224745572,0.009805628773013941,0.017536739885832597,0.020660656792343968,0.014573557485322075,0.01682244648088793,0.009928026834657544,0.021744034394542977,0.009027272875304915,0.010145055432962291,0.0061048062115007795,0.004330673406729213
2021-11-01,0.016680971648441734,0.012663354566065044,0.019220776394822003,0.015263490777950972,0.018668830232209777,0.02261152689450241,0.014305445795614657,0.022793115565248545,0.010824307252559562,0.012109259464619937,0.00388714891059716,0.007377428652287188
2021-12-01,0.014083095451672412,0.0157099385656867,0.024638936906899778,0.014795026073473716,0.020625122976965393,0.021924867626429867,0.016990784590487085,0.02177776807546472,0.013837654896080576,0.014628593773428067,0.0152826310977634,0.00950596862723918
2022-01-01,0.016534586961297837,0.02908573231372724,0.025233524851176803,0.0220566457403486,0.021886838503542005,0.020916623339611196,0.01684357199797404,0.020851101352941326,0.012449454282553285,0.010686122381583507,0.012025806443809905,0.014602183718863238
2022-02-01,0.02661161768370235,0.02265305311845567,0.031280840571284996,0.022476887446172045,0.018144777752862717,0.030407311901858858,0.024534413634710095,0.026106204521247456,0.01661829672739157,0.012871848555990661,0.02149905681399633,0.014102062446327501
2022-03-01,0.020700747488342497,0.017816653583549558,0.02060074072118523,0.022791451659597062,0.024859274025968325,0.02999495471361424,0.02643891779784746,0.03196360085380201,0.01193480463293528,0.005249120210714109,0.014213427404019319,0.015757219507243514
2022-04-01,0.011781478407818957,0.006548840070369044,0.012114910574267723,0.016379977624143782,0.01733222463816486,0.006848274915604913,0.013965921335901355,0.02738174170389862,0.014341512086488928,0.00912071117400659,0.012449044184585922,0.009611686016114396
2022-05-01,0.006538953753155052,0.0047597491869186825,0.0002472272562568101,0.013628372213256856,0.01735621845692248,-0.000970535577617837,0.006127598016296698,0.024016106943515636,0.011683729088333594,0.008850563728933558,0.013503352458583917,0.005606912863803215
2022-06-01,-0.004708017115828578,-0.009211287514352962,-0.00584787114732388,0.009438515076703569,0.006296574927867837,-0.01666266629430213,-0.0016382261488200323,0.01840811559486344,0.009079378728118925,0.010239599972349245,0.0032046784582537846,-0.0007763709042201139
2022-07-01,-0.01136033406971404,-0.030921065302803696,-0.019247646020379983,-0.0022166627872174383,-0.00043021642058849174,-0.022301012909686335,-0.009994551038974842,0.014508516220913537,0.0015790662510266618,0.004742176522756214,0.00042536544503457563,-0.0037669683067594883
2022-08-01,-0.015286724284952813,-0.03174287389509367,-0.0191264845791298,-0.012802375280129619,-0.020315780798510596,-0.028414652698193765,-0.014962836275918434,-0.00135691621440992,0.00017143017959386775,-0.0017505181075417875,-0.007102770525732494,-0.009182594091578289
2022-09-01,-0.010999657498895421,-0.02146301498659886,-0.013078041800067775,-0.019686726158475887,-0.017980004252389437,-0.01828272734500269,-0.011920143262773242,-0.005704994413974762,-0.004038590859675839,-0.001322122646588042,-0.010036728437324949,-0.0030193406402527767
2022-10-01,-0.002656494673038634,-0.006613802542628,-0.0011043522958297247,-0.010623070017431124,-0.012513839406527727,0.00041956408427679115,-0.0024916818961467913,-0.007407750964192772,-0.0012935096117669964,0.0004001703412011004,-0.0042884881059013225,-0.00014791246681389314
2022-11-01,-0.004282171715979777,-0.007920662947685453,-0.005147172015254831,-0.010943302663935506,-0.011865730932553498,-0.006019163294426977,-0.0021660356249763035,0.0008822433344115588,0.000811636574372443,0.0024964163447021015,-0.00217696240011922,0.000901353886586076
2022-12-01,-0.004020255946268092,-0.011557653215109709,-0.008029614618487502,-0.013456250144354254,-0.011599957570868957,-0.011280222234814397,-0.007713274314733676,-0.00019284050090395688,0.0003740809635695008,-0.0035903559164174315,-0.0011487952884312591,0.00027767822768320904
2023-01-01,-0.0005962429772434774,-0.009841747166720816,-0.004334868309188833,-0.009575154046636891,-0.007884773922917643,-0.01206317040568572,-0.007615063377562237,0.0038085784695014446,0.0016426852709563455,0.0016045686609753584,0.002196620071785116,-0.004159389035343075
2023-02-01,0.0021833995420275087,-0.005584440472789942,0.0005344105950364497,-0.008397896518975378,-0.0030821480795253375,-0.009945992991955976,0.0008643962230552305,-0.0010264329377652759,0.00025746227907164076,0.0010299999997367415,0.0010051272876703266,0.0007101437396028754
2023-03-01,0.003266338302790661,0.004132618865985371,0.007529401916658518,-0.00256475594183192,-0.0010564599914411055,-0.0030690175749060744,0.0018295957644123284,0.002838220785410517,0.005977391374232255,0.009653515836057114,0.0005276949420254251,0.001776004983325974
2023-04-01,0.007656148470280177,0.007294494433987442,0.00878934096321693,-0.000420198986569309,0.0002833756605693516,0.004135530344617111,0.0028351341697674393,0.002294808565370454,0.006656770793725286,0.007905608459898517,0.012882433615921007,0.0063117733081272664
2023-05-01,0.00776907345993183,0.005715107143322129,0.01323661490566308,0.0007006928416872782,0.00034580218131119445,0.010120740044006427,0.0020329219456576286,0.006724828193430454,0.01194164779308804,0.012158882888450906,0.005161565605761975,0.009232357109005385
2023-06-01,0.007762580559567134,0.005790892374928802,0.012113921449318443,0.004296900970139683,0.00767033670685513,0.011388467373808497,0.0038283160995922216,0.00819973974431365,0.00762264974300475,0.006805869777885887,0.009987712730973763,0.006502721308397019
2023-07-01,0.011541502190782538,0.00811516014474667,0.015098902219002897,0.008738716841965033,0.01012723614221911,0.014658674511495828,0.006300812543426959,0.008860566616547993,0.009258608326657702,0.007671312795565877,0.004938806608262514,0.009573786161682696
2023-08-01,0.01374186730859428,0.007656746826821381,0.01521810735023621,0.01198030160625052,0.008772523683143962,0.012997251669700338,0.007945972042766147,0.012473533778059487,0.010902738960161695,0.003547502698277194,0.011447622639442656,0.00626392139365306
2023-09-01,0.009459277642557051,0.009174328179037516,0.010394390676725873,0.011029217146966364,0.009585221768662944,0.006644476205201144,0.004991394392297233,0.011609544754798806,0.01068977819687289,0.008337667285123196,0.011258942167985397,0.006824545267311466
2023-10-01,0.007597369892067718,0.0049130625581887966,0.00603136325160647,0.01124208409417271,0.00834435048083404,0.0048947749211962766,0.0030859965148086754,0.00875502170933129,0.007524255247906231,0.008631024957991507,0.009014631599522094,0.0023080839412930043
2023-11-01,0.005867615259271153,-0.0018049701877461688,0.0033611437077101236,0.007479488639777765,0.0026794893916306517,-0.002997868184193009,-0.0026017583701578584,0.005321967590189214,0.004827283156531914,0.004368798919473615,0.0028797410391223632,0.0012425503901782875
2023-12-01,0.005133900820153636,-0.0014784746304971064,-0.003683132820262669,0.007505687915430714,0.001618096770605204,0.001849810200530655,1.2125624726078144e-05,0.005218788186752699,0.004279697820034789,0.006677682237596683,-3.630860122272317e-05,0.004842942263274308
2024-01-01,0.0010730369209646096,0.0010216266043567845,0.01910819981260059,0.003889474307649632,-0.0005325959791820933,0.0017326338514700446,-0.003807817423494897,0.0007912235139624357,0.002394697652072564,0.0027527214330687055,-0.00023434669534916353,0.007293222730945459
2024-02-01,0.0024661620328445544,0.00011868823391858463,0.0020801958545304533,0.006943705293622093,-0.0003459748898085868,0.006622778081321501,0.0009749576582973596,0.0037915449557375247,0.01005380351253038,0.010330175984751833,0.009567352890419212,0.0076520183608985715
2024-03-01,0.004771709643773381,0.0022428289580327387,0.003482591343833663,0.0010968156312911592,-0.0007454906243871129,0.0018003597248017478,-0.004306615672559411,0.004951812697077784,0.007070540077052767,0.005978750468091043,0.006476835286456817,0.0005637476389948048
2024-04-01,0.0032854848630901046,0.0032249909021202505,0.0009141201054394532,0.004001973215905341,-0.0006387959459862591,0.0029639693758463093,0.0006345863247951833,0.0024262168841611143,0.007055116065547207,0.007463989461223841,0.006789776919914781,0.0009253733431067168
2024-05-01,0.007406687601229089,0.003272303219884254,0.0026984764684707674,0.003458558768105968,-0.003410396323552445,0.0056724962998575545,0.0028190975183102207,0.0014545700046793009,0.010555855843252582,0.0006821177789591015,-0.002657891910709531,0.004649152091846576
2024-06-01,0.006233323106446198,0.00767277840812719,0.007534750218568975,0.0035939251629444335,0.0008762190755431387,0.00752878633253129,0.002364059014348552,0.0010758712492084932,0.004134368261146992,0.0023953253855499845,0.0036362206756423987,0.006331994226616011
2024-07-01,0.0012752522054928495,-0.0014110688256401271,0.0011627128526567887,0.0067745525591433875,0.0022066412863384066,0.007537583943054038,0.000511227400683989,0.004899651779441738,0.005698476343774406,0.0038742914088858438,0.0040738859315219145,0.004659794782305049
2024-08-01,0.001049142596071917,0.0015177130197283617,0.0026933637545967226,0.00322324146702746,0.0011703041869666198,0.005449609981659886,0.001733542358433482,-0.0012593009773709252,0.004689929926824821,0.007712327517577,0.0026035737622600585,0.005980219797137032
2024-09-01,-0.00082889475667558,0.0006434732492279771,0.00198455291392019,0.005705150971882622,0.007440882724806475,0.006677180907029179,0.0006053217729957705,0.0008417123449153685,0.006613196475487859,0.006215979146924067,0.0018150109835344264,0.004918853580749616
2024-10-01,0.0014539242583011536,0.00016958039378267564,0.0036159565307252173,0.003911229691071494,0.0019562197428926176,0.002337862177255401,0.005522713342301699,0.0019900317207839358,0.005571821383608899,0.002262465541102099,0.008583226023657575,0.0058832243103690285
2024-11-01,0.004417272545441664,0.0032187005440860172,0.002847759385049553,0.004013461909072813,0.005879729614913565,0.0027732128011783708,0.0018128106800148203,0.004895353386876078,0.0051448158529912025,0.004339127921196395,0.01007756965921014,0.0030881090838108527
2024-12-01,0.0012671918810434057,0.0063969274918407315,0.0039110005609577225,0.006529150860927535,0.00626157720910836,0.002997431308516152,0.00614569452210989,0.006506533599243358,0.004809691002074512,0.01003266721766094,0.01142704975099651,0.0027026779561616365
2025-01-01,0.006513176031323731,0.0026927263484526343,-0.0010321164339220923,0.004433871932058686,0.0054585630137051755,0.000899895301529785,-0.0005298118024477105,0.0008739069035659242,0.007786958031606117,0.011249585392586026,0.001521862015773312,0.0026538988669329022
2025-02-01,0.006349040413762497,-0.00023769738780610172,-0.004403051306912875,0.0007543405354057953,-0.004248532567444063,0.0013451113047640018,-0.0022214891346563626,-0.0007279445704947429,0.007697175805463363,0.004745156159231545,0.0034356734137561684,0.002123786580240594
2025-03-01,0.0013610579214216045,-0.011818882139547404,-0.0072634012450177865,-0.0007566979798508955,-0.004706441327558042,-0.005045580549489781,-0.0058911144860216424,-0.006245804475689343,0.009474280788674072,0.0010307335174031262,-0.005275897354447556,-0.0005473304515229982
2025-04-01,-0.011664527875839159,-0.01071214830488365,-0.004980404601437338,-0.0011478640541562335,-0.006152357865591429,-0.007538660027148869,-0.005565499217339509,-0.00020247916164661817,0.005729017594900521,0.002705334952375349,-0.001021599865872691,-0.0011716358301049334
2025-05-01,-0.007640860226585833,-0.0057871013979228225,-0.004211162838655524,-0.004609112421254391,-0.0067244188793922355,-0.006549831525111793,-0.004746470797005298,-0.007021034237236101,0.005819409185323643,0.0013583740285991741,0.004163407843903677,-0.004681102424151762
2025-06-01,-0.0033114374994962503,-0.005649265562961525,-0.001842751388163144,-0.004764253236425375,-0.008338260553426902,-0.0017211167538189187,-0.0029881800875710685,-0.006236946011041411,0.0006061668755406036,0.002944944819633699,-0.0003096293575013398,-0.004271822493383426
2025-07-01,0.002410716382245992,-0.00025440654084052383,0.00100144749685116,-0.007580731718900835,-0.006666425067950343,-3.256167607212923e-06,-0.0003326414065956129,-0.005852406485362449,-0.0010591994530962934,0.004203584332991506,0.0027424750551334753,-0.003739313787283871
2025-08-01,-0.00013460520317709612,0.006625652538352567,0.001913860249987076,-0.004190069331296398,-0.006392163837128928,0.002544666949689134,0.0006622500847812685,-0.0049973704352067605,0.0007580957920705345,0.005559538096618022,0.0026679057037422016,0.0020428650170845053
2025-09-01,0.0026540756815078836,0.007178539487359581,0.0015238169701785598,-0.004033584063260043,0.0040040820789293274,0.0021963805811591186,0.0013465015118487855,0.005039154388630562,0.0003125502725065399,0.0021584755070691575,0.0025873958743793946,0.002471351605562777
2025-10-01,-0.001184253758825582,0.011165279325732413,0.006820839325769379,0.005169442381386835,0.006460284480848788,0.003890714477672308,-0.0015110691304205393,0.0038162545015716365,0.0031226694074084627,0.005236542131706434,-0.00260648871127811,0.003467665023176636
2025-11-01,0.008258575917219568,0.0045908388893993735,0.012513591355789666,0.006165242778334301,0.007535718648487011,0.0058263103702820285,0.002988460440243701,0.004610641008504501,0.007332342411570769,0.003464554414263965,-0.0013333031600659684,0.002087456498006901
2025-12-01,0.0043933611923479,0.0017126306299242167,0.009173663432545887,0.0015597089294048239,0.004234677702899647,0.0029029852033344294,-0.0019648668091474253,0.001984803014117187,0.006492162103429067,0.007223425021404051,0.005188291594500294,0.0013268837277382595
2026-01-01,0.00036495141487802307,-0.00040829110452911266,-0.003607384299340599,0.0037403323170299707,0.004572892800034589,-0.003534138075298121,-0.00040479005704729953,0.0069284712576347385,0.004692486992095679,0.004848884362544714,0.0047361766396150085,0.002510585752091954
2026-02-01,-0.004525944436058915,0.00021576660955169302,-0.003992918883996999,-0.00045878995242010223,-0.006001902045929319,-0.013016784351149169,-0.0038016017236377486,0.007910844822450303,0.00508195015882662,0.00828700656374659,0.0003612928904033197,-0.0003796544262505419
2026-03-01,-0.006014862906381535,-0.005128789478464846,-0.005451619822857023,-0.002229613193499902,-0.0030753048433811436,-0.00954970620700879,-0.003183185415845724,0.005370776724280546,0.0023137159855419753,0.01129156586839164,0.007060972825873479,-0.0011677534324670003
2026-04-01,3.0501202302302133e-05,-0.0011703639908742236,-0.003155934724532572,-0.005334687581489583,-0.006108205894303276,-0.0053283394706417075,-0.004479278118650565,-0.0005001548641779818,0.0018615229823362167,0.006521651479286961,-0.004199024536079232,0.002073975241498216
